玩家等级,地图等级,构筑,走位,实际命中概率,模拟胜率,平均历时,胜者平均剩余资源
1,1,低配,stationary,1,0.0,15.179412,0
1,1,低配,novice,0.35,0.136719,42.494661,0.22449
1,1,低配,standard,0.15,0.839844,59.280901,0.43588
1,1,低配,skilled,0.08,0.984375,61.010811,0.652494
1,1,标准,stationary,1,0.0,15.179412,0
1,1,标准,novice,0.35,0.414062,38.169112,0.25876
1,1,标准,standard,0.15,0.933594,44.305655,0.562164
1,1,标准,skilled,0.08,0.992188,44.748909,0.764623
1,1,高配,stationary,1,0.0,15.179412,0
1,1,高配,novice,0.35,0.503906,35.983899,0.308416
1,1,高配,standard,0.15,0.976562,40.329744,0.585429
1,1,高配,skilled,0.08,1.0,40.50771,0.781529
5,5,低配,stationary,1,0.0,18.379741,0
5,5,低配,novice,0.35,0.164062,45.229308,0.207483
5,5,低配,standard,0.15,0.859375,61.013694,0.447727
5,5,低配,skilled,0.08,0.984375,62.600023,0.671485
5,5,标准,stationary,1,0.0,18.379741,0
5,5,标准,novice,0.35,0.4375,39.596272,0.241071
5,5,标准,standard,0.15,0.949219,46.182035,0.54027
5,5,标准,skilled,0.08,0.992188,46.422891,0.742407
5,5,高配,stationary,1,0.0,18.367241,0
5,5,高配,novice,0.35,0.730469,33.115196,0.353705
5,5,高配,standard,0.15,0.992188,34.883569,0.648481
5,5,高配,skilled,0.08,1.0,34.909425,0.820312
10,10,低配,stationary,1,0.0,15.317521,0
10,10,低配,novice,0.35,0.03125,40.175818,0.311957
10,10,低配,standard,0.15,0.621094,66.202511,0.40011
10,10,低配,skilled,0.08,0.921875,72.425483,0.634821
10,10,标准,stationary,1,0.0,15.342521,0
10,10,标准,novice,0.35,0.339844,39.224582,0.292282
10,10,标准,standard,0.15,0.90625,47.105629,0.573892
10,10,标准,skilled,0.08,0.980469,47.775059,0.747297
10,10,高配,stationary,1,0.0,18.356583,0
10,10,高配,novice,0.35,0.847656,31.464306,0.399361
10,10,高配,standard,0.15,1.0,32.343568,0.732766
10,10,高配,skilled,0.08,1.0,32.358845,0.846266
20,20,低配,stationary,1,0.0,12.062155,0
20,20,低配,novice,0.35,0.003906,35.812276,0.208676
20,20,低配,standard,0.15,0.203125,75.22615,0.294276
20,20,低配,skilled,0.08,0.65625,98.124945,0.427703
20,20,标准,stationary,1,0.0,18.362155,0
20,20,标准,novice,0.35,0.332031,42.194446,0.243697
20,20,标准,standard,0.15,0.960938,50.201841,0.50784
20,20,标准,skilled,0.08,0.988281,50.504232,0.71598
20,20,高配,stationary,1,0.003906,21.906673,0.002278
20,20,高配,novice,0.35,0.988281,28.585557,0.517432
20,20,高配,standard,0.15,1.0,28.662378,0.804107
20,20,高配,skilled,0.08,1.0,28.693226,0.890054
30,30,低配,stationary,1,0.0,8.974723,0
30,30,低配,novice,0.35,0.0,31.79191,0
30,30,低配,standard,0.15,0.105469,64.946979,0.324547
30,30,低配,skilled,0.08,0.558594,97.041745,0.440756
30,30,标准,stationary,1,0.0,15.762223,0
30,30,标准,novice,0.35,0.261719,41.385165,0.263326
30,30,标准,standard,0.15,0.894531,51.724791,0.539613
30,30,标准,skilled,0.08,0.988281,52.450086,0.709486
30,30,高配,stationary,1,0.0,24.546598,0
30,30,高配,novice,0.35,0.953125,34.342147,0.476341
30,30,高配,standard,0.15,1.0,34.528704,0.774515
30,30,高配,skilled,0.08,1.0,34.568615,0.879641
50,50,低配,stationary,1,0.0,9.021057,0
50,50,低配,novice,0.35,0.0,31.027307,0
50,50,低配,standard,0.15,0.136719,68.094127,0.28304
50,50,低配,skilled,0.08,0.539062,98.680691,0.428038
50,50,标准,stationary,1,0.0,15.758557,0
50,50,标准,novice,0.35,0.222656,42.217266,0.299499
50,50,标准,standard,0.15,0.871094,53.893831,0.536515
50,50,标准,skilled,0.08,0.984375,55.15515,0.715703
50,50,高配,stationary,1,0.0,24.685119,0
50,50,高配,novice,0.35,0.941406,36.07845,0.457714
50,50,高配,standard,0.15,1.0,36.386484,0.749801
50,50,高配,skilled,0.08,1.0,36.392598,0.864226
70,70,低配,stationary,1,0.0,9.048505,0
70,70,低配,novice,0.35,0.0,30.411005,0
70,70,低配,standard,0.15,0.066406,68.417344,0.299016
70,70,低配,skilled,0.08,0.445312,97.164046,0.440147
70,70,标准,stationary,1,0.0,18.361005,0
70,70,标准,novice,0.35,0.28125,44.575011,0.194444
70,70,标准,standard,0.15,0.890625,55.889088,0.516291
70,70,标准,skilled,0.08,0.988281,56.931407,0.705816
70,70,高配,stationary,1,0.0,24.846942,0
70,70,高配,novice,0.35,0.949219,37.407175,0.43631
70,70,高配,standard,0.15,1.0,37.626528,0.739657
70,70,高配,skilled,0.08,1.0,37.644842,0.860304
100,100,低配,stationary,1,0.0,9.038981,0
100,100,低配,novice,0.35,0.0,29.943668,0
100,100,低配,standard,0.15,0.082031,67.477201,0.304021
100,100,低配,skilled,0.08,0.445312,99.68622,0.427612
100,100,标准,stationary,1,0.0,18.313981,0
100,100,标准,novice,0.35,0.222656,43.452319,0.204261
100,100,标准,standard,0.15,0.859375,56.930386,0.508442
100,100,标准,skilled,0.08,0.972656,58.085049,0.709122
100,100,高配,stationary,1,0.0,24.899918,0
100,100,高配,novice,0.35,0.960938,38.198395,0.422541
100,100,高配,standard,0.15,1.0,38.442556,0.73475
100,100,高配,skilled,0.08,1.0,38.442556,0.863463
