等级,天赋,血量,护盾,防御,灵力,单体DPS,八目标DPS,移速,额外技能点,掉落概率倍率
1,万钧,60.0,0.0,2.0,75.0,1.435,1.435,6.0,0,1
1,双生矢,60.0,0.0,2.0,75.0,1.435,2.87,6.0,0,1
1,续雷,60.0,0.0,2.0,75.0,1.435,2.583,6.0,0,1
1,广域,60.0,0.0,2.0,75.0,1.435,1.435,6.0,0,1
1,灵海,60.0,0.0,2.0,112.5,1.435,1.435,6.0,0,1
1,铁骨,60.0,0.0,4.0,75.0,1.435,1.435,6.0,0,1
1,凝光,60.0,15.0,2.0,75.0,1.435,1.435,6.0,0,1
1,逐风,60.0,0.0,2.0,75.0,1.435,1.435,7.2,0,1
1,逆命,60.0,0.0,2.0,75.0,1.8655,1.8655,6.0,0,1
1,余响,60.0,0.0,2.0,75.0,1.722,1.722,6.0,0,1
1,普通人,60.0,0.0,2.0,75.0,1.435,1.435,6.0,0,1
1,穿越者,60.0,0.0,2.0,75.0,1.435,1.435,6.0,3,1
1,天命之子,60.0,0.0,2.0,75.0,1.435,1.435,6.0,0,1.5
5,万钧,76.32,0.9792,2.408,79.08,1.902633,6.849477,6.193182,0,1
5,双生矢,76.32,0.9792,2.408,79.08,1.902633,10.274216,6.193182,0,1
5,续雷,76.32,0.9792,2.408,79.08,1.902633,9.284847,6.193182,0,1
5,广域,76.32,0.9792,2.408,79.08,1.902633,6.849477,6.193182,0,1
5,灵海,76.32,0.9792,2.408,118.62,1.902633,6.849477,6.193182,0,1
5,铁骨,76.32,0.9792,4.816,79.08,1.902633,6.849477,6.193182,0,1
5,凝光,76.32,18.4272,2.408,79.08,1.902633,6.849477,6.193182,0,1
5,逐风,76.32,0.9792,2.408,79.08,1.902633,6.849477,7.431818,0,1
5,逆命,76.32,0.9792,2.408,79.08,2.473422,8.904321,6.193182,0,1
5,余响,76.32,0.9792,2.408,79.08,2.283159,8.219373,6.193182,0,1
5,普通人,76.32,0.9792,2.408,79.08,1.902633,6.849477,6.193182,0,1
5,穿越者,76.32,0.9792,2.408,79.08,1.902633,6.849477,6.193182,3,1
5,天命之子,76.32,0.9792,2.408,79.08,1.902633,6.849477,6.193182,0,1.5
10,万钧,122.544,6.612,6.1166,102.55,3.695549,13.303975,6.341939,0,1
10,双生矢,112.332,6.612,4.5848,102.55,3.299597,17.817824,6.341939,0,1
10,续雷,112.332,6.612,4.5848,102.55,3.299597,16.102033,6.341939,0,1
10,广域,112.332,6.612,4.5848,102.55,3.299597,11.878549,6.341939,0,1
10,灵海,112.332,6.612,4.5848,153.825,3.299597,11.878549,6.341939,0,1
10,铁骨,112.332,6.612,9.1696,102.55,3.299597,11.878549,6.341939,0,1
10,凝光,112.332,38.142,4.5848,102.55,3.299597,11.878549,6.341939,0,1
10,逐风,112.332,6.612,4.5848,102.55,3.299597,11.878549,7.610326,0,1
10,逆命,112.332,6.612,4.5848,102.55,4.289476,15.442114,6.341939,0,1
10,余响,112.332,6.612,4.5848,102.55,3.959516,14.254259,6.341939,0,1
10,普通人,112.332,6.612,4.5848,102.55,3.299597,11.878549,6.341939,0,1
10,穿越者,112.332,6.612,4.5848,102.55,3.299597,11.878549,6.341939,3,1
10,天命之子,112.332,6.612,4.5848,102.55,3.299597,11.878549,6.341939,0,1.5
20,万钧,272.844,43.3368,14.81,160.17,10.451508,37.625427,7.036283,0,1
20,双生矢,240.408,43.3368,9.9446,160.17,8.919821,48.167034,7.036283,0,1
20,续雷,240.408,43.3368,9.9446,160.17,8.919821,43.528727,7.036283,0,1
20,广域,240.408,43.3368,9.9446,160.17,8.919821,32.111356,7.036283,0,1
20,灵海,240.408,43.3368,9.9446,240.255,8.919821,32.111356,7.036283,0,1
20,铁骨,240.408,43.3368,19.8892,160.17,8.919821,32.111356,7.036283,0,1
20,凝光,240.408,109.4388,9.9446,160.17,8.919821,32.111356,7.036283,0,1
20,逐风,240.408,43.3368,9.9446,160.17,8.919821,32.111356,8.443539,0,1
20,逆命,240.408,43.3368,9.9446,160.17,11.595768,41.744763,7.036283,0,1
20,余响,240.408,43.3368,9.9446,160.17,10.703785,38.533627,7.036283,0,1
20,普通人,240.408,43.3368,9.9446,160.17,8.919821,32.111356,7.036283,0,1
20,穿越者,240.408,43.3368,9.9446,160.17,8.919821,32.111356,7.036283,3,1
20,天命之子,240.408,43.3368,9.9446,160.17,8.919821,32.111356,7.036283,0,1.5
30,万钧,421.564,68.9208,40.298,214.77,18.51579,66.656844,7.064077,0,1
30,双生矢,371.448,68.9208,32.7806,214.77,16.112978,87.010079,7.064077,0,1
30,续雷,371.448,68.9208,32.7806,214.77,16.112978,78.631331,7.064077,0,1
30,广域,371.448,68.9208,32.7806,214.77,16.112978,58.006719,7.064077,0,1
30,灵海,371.448,68.9208,32.7806,322.155,16.112978,58.006719,7.064077,0,1
30,铁骨,371.448,68.9208,65.5612,214.77,16.112978,58.006719,7.064077,0,1
30,凝光,371.448,167.7828,32.7806,214.77,16.112978,58.006719,7.064077,0,1
30,逐风,371.448,68.9208,32.7806,214.77,16.112978,58.006719,8.476893,0,1
30,逆命,371.448,68.9208,32.7806,214.77,20.946871,75.408735,7.064077,0,1
30,余响,371.448,68.9208,32.7806,214.77,19.335573,69.608063,7.064077,0,1
30,普通人,371.448,68.9208,32.7806,214.77,16.112978,58.006719,7.064077,0,1
30,穿越者,371.448,68.9208,32.7806,214.77,16.112978,58.006719,7.064077,3,1
30,天命之子,371.448,68.9208,32.7806,214.77,16.112978,58.006719,7.064077,0,1.5
50,万钧,833.404,139.7688,79.178,365.97,37.316324,134.338765,7.087926,0,1
50,双生矢,734.328,139.7688,64.3166,365.97,32.473747,175.358236,7.087926,0,1
50,续雷,734.328,139.7688,64.3166,365.97,32.473747,158.471887,7.087926,0,1
50,广域,734.328,139.7688,64.3166,365.97,32.473747,116.90549,7.087926,0,1
50,灵海,734.328,139.7688,64.3166,548.955,32.473747,116.90549,7.087926,0,1
50,铁骨,734.328,139.7688,128.6332,365.97,32.473747,116.90549,7.087926,0,1
50,凝光,734.328,329.3508,64.3166,365.97,32.473747,116.90549,7.087926,0,1
50,逐风,734.328,139.7688,64.3166,365.97,32.473747,116.90549,8.505511,0,1
50,逆命,734.328,139.7688,64.3166,365.97,42.215872,151.977138,7.087926,0,1
50,余响,734.328,139.7688,64.3166,365.97,38.968497,140.286588,7.087926,0,1
50,普通人,734.328,139.7688,64.3166,365.97,32.473747,116.90549,7.087926,0,1
50,穿越者,734.328,139.7688,64.3166,365.97,32.473747,116.90549,7.087926,3,1
50,天命之子,734.328,139.7688,64.3166,365.97,32.473747,116.90549,7.087926,0,1.5
70,万钧,1397.777333,236.8568,132.458,573.17,63.330088,227.988316,7.097431,0,1
70,双生矢,1231.608,236.8568,107.5326,573.17,55.11168,297.603069,7.097431,0,1
70,续雷,1231.608,236.8568,107.5326,573.17,55.11168,268.944996,7.097431,0,1
70,广域,1231.608,236.8568,107.5326,573.17,55.11168,198.402046,7.097431,0,1
70,灵海,1231.608,236.8568,107.5326,859.755,55.11168,198.402046,7.097431,0,1
70,铁骨,1231.608,236.8568,215.0652,573.17,55.11168,198.402046,7.097431,0,1
70,凝光,1231.608,550.7588,107.5326,573.17,55.11168,198.402046,7.097431,0,1
70,逐风,1231.608,236.8568,107.5326,573.17,55.11168,198.402046,8.516918,0,1
70,逆命,1231.608,236.8568,107.5326,573.17,71.645183,257.92266,7.097431,0,1
70,余响,1231.608,236.8568,107.5326,573.17,66.134015,238.082456,7.097431,0,1
70,普通人,1231.608,236.8568,107.5326,573.17,55.11168,198.402046,7.097431,0,1
70,穿越者,1231.608,236.8568,107.5326,573.17,55.11168,198.402046,7.097431,3,1
70,天命之子,1231.608,236.8568,107.5326,573.17,55.11168,198.402046,7.097431,0,1.5
100,万钧,2530.337333,431.6888,239.378,988.97,115.85239,417.068604,7.103606,0,1
100,双生矢,2229.528,431.6888,194.2566,988.97,100.81811,544.417796,7.103606,0,1
100,续雷,2229.528,431.6888,194.2566,988.97,100.81811,491.992379,7.103606,0,1
100,广域,2229.528,431.6888,194.2566,988.97,100.81811,362.945197,7.103606,0,1
100,灵海,2229.528,431.6888,194.2566,1483.455,100.81811,362.945197,7.103606,0,1
100,铁骨,2229.528,431.6888,388.5132,988.97,100.81811,362.945197,7.103606,0,1
100,凝光,2229.528,995.0708,194.2566,988.97,100.81811,362.945197,7.103606,0,1
100,逐风,2229.528,431.6888,194.2566,988.97,100.81811,362.945197,8.524327,0,1
100,逆命,2229.528,431.6888,194.2566,988.97,131.063544,471.828757,7.103606,0,1
100,余响,2229.528,431.6888,194.2566,988.97,120.981732,435.534237,7.103606,0,1
100,普通人,2229.528,431.6888,194.2566,988.97,100.81811,362.945197,7.103606,0,1
100,穿越者,2229.528,431.6888,194.2566,988.97,100.81811,362.945197,7.103606,3,1
100,天命之子,2229.528,431.6888,194.2566,988.97,100.81811,362.945197,7.103606,0,1.5
