地图等级,玩家裸装CP,玩家标准CP,玩家高配CP,普通等级,普通CP,精英等级,精英CP,头目等级,头目CP,BOSS等级,BOSSCP
1,100.0,146.40857,154.288115,1,53.277952,2,138.442122,4,193.662726,6,274.015986
2,106.434289,155.82892,164.215459,2,57.088522,3,147.763748,5,206.379825,7,291.899651
3,113.214027,193.06046,224.910121,3,61.109873,4,157.616964,6,219.832069,8,310.820196
4,120.335951,205.20526,239.058479,4,65.341628,5,167.999312,7,234.015636,9,330.771978
5,127.797017,248.012612,336.523988,5,69.783195,6,178.908199,8,248.926758,10,351.749527
6,135.594362,263.144731,357.056497,6,74.433806,7,190.340909,9,264.561689,11,373.747499
7,143.725258,315.680125,463.5287,7,89.639212,8,228.432078,10,316.554346,12,446.273475
8,152.1871,334.245684,490.769711,8,95.357027,9,242.495178,11,335.771455,13,473.276572
9,160.977384,375.026626,567.84853,9,106.39681,10,270.058044,12,373.667406,14,526.603645
10,170.093699,396.261089,599.999331,10,112.889303,11,286.04695,13,395.537268,15,557.341869
11,179.533718,442.067267,690.739332,11,130.499742,12,330.156864,14,456.272108,16,642.83768
12,189.295194,466.067567,728.221984,12,138.090892,13,348.871203,15,481.893422,17,678.857261
13,199.375958,576.772562,967.937938,13,160.799098,14,405.723616,16,560.176352,18,789.057567
14,209.77391,606.121105,1016.823717,14,169.626321,15,427.502144,17,590.018318,19,831.020533
15,220.487022,699.268754,1220.881657,15,196.69293,16,494.732881,18,681.398772,20,958.171611
16,231.513332,733.501185,1280.276278,16,207.017666,17,520.216492,19,716.310776,21,1007.22377
17,242.850942,804.700086,1428.122269,17,226.045207,18,567.551795,20,781.318707,22,1098.600621
18,254.498019,842.644972,1495.146701,18,237.405839,19,595.621564,21,819.814305,23,1152.705852
19,266.452785,907.979627,1630.483583,19,260.883605,20,654.073887,22,900.139554,24,1265.634102
20,278.713522,949.147079,1704.114477,20,273.42693,21,685.096395,23,942.72925,25,1325.513803
21,291.278568,1047.501529,1945.138569,21,312.180332,22,779.328247,24,1066.087863,26,1491.02178
22,304.146311,1093.217617,2029.761321,22,326.567393,23,814.877777,25,1114.765746,27,1559.246644
23,317.31519,1232.005409,2116.415386,23,358.577239,24,894.3945,26,1223.627169,28,1711.680778
24,330.783692,1283.762097,2205.089509,24,374.419498,25,933.580233,27,1277.349785,29,1787.014097
25,344.55035,1336.685721,2295.772722,25,390.621553,26,973.676024,28,1332.353172,30,1864.162577
26,358.613741,1390.770426,2388.45433,26,407.181006,27,1014.676425,29,1388.630988,31,1943.118043
27,372.972481,1446.010512,2483.123892,27,424.095507,28,1056.576068,30,1446.176958,32,2023.872385
28,387.625227,1502.400422,2579.771211,28,441.362755,29,1099.369674,31,1504.984865,33,2106.417557
29,402.570675,1559.934731,2678.386319,29,458.9805,30,1143.052046,32,1565.048557,34,2190.745583
30,417.807555,1618.608141,2778.95947,30,476.946541,31,1187.618076,33,1626.361944,35,2276.848548
31,433.334629,1678.415474,2881.481127,31,495.258728,32,1233.062743,34,1688.919001,36,2364.718607
32,449.150695,1739.351662,2985.941956,32,513.914963,33,1279.381113,35,1752.713764,37,2454.347978
33,465.254578,1801.411748,3092.332815,33,532.913195,34,1326.568338,36,1817.740335,38,2545.728947
34,481.645134,1864.590872,3200.644752,34,552.251427,35,1374.619659,37,1883.992881,39,2638.853867
35,498.321247,1928.884275,3310.868993,35,571.927708,36,1423.530404,38,1951.465631,40,2733.715158
36,515.281825,1994.287287,3422.996942,36,591.940139,37,1473.295987,39,2020.152882,41,2830.305309
37,532.525803,2060.795328,3537.020168,37,612.286866,38,1523.911907,40,2090.048995,42,2928.616878
38,550.052139,2128.403904,3652.930409,38,632.966086,39,1575.373752,41,2161.148399,43,3028.64249
39,567.859813,2197.108601,3770.719561,39,653.97604,40,1627.677191,42,2233.445588,44,3130.374846
40,585.947828,2266.905086,3890.379675,40,675.315017,41,1680.817981,43,2306.935124,45,3233.806713
41,604.315204,2337.7891,4011.902954,41,696.981348,42,1734.791959,44,2381.611634,46,3338.930933
42,622.960986,2409.75646,4135.28175,42,718.973411,43,1789.595049,45,2457.469814,47,3445.740419
43,641.884233,2482.803051,4260.508557,43,741.289626,44,1845.223252,46,2534.504429,48,3554.228159
44,661.084023,2556.924831,4387.576012,44,763.928454,45,1901.672653,47,2612.71031,49,3664.387214
45,680.559452,2632.117823,4516.476886,45,786.888397,46,1958.939416,48,2692.082355,50,3776.210721
46,700.309631,2708.378117,4647.204087,46,810.167998,47,2017.019783,49,2772.615534,51,3889.69189
47,720.333689,2785.701866,4779.750652,47,833.765838,48,2075.910074,50,2854.304881,52,4004.824008
48,740.630765,2864.085285,4914.109748,48,857.680537,49,2135.606685,51,2937.1455,53,4121.600439
49,761.200019,2943.524652,5050.274665,49,881.910749,50,2196.106086,52,3021.132565,54,4240.014622
50,782.040618,3024.016302,5188.238816,50,906.455166,51,2257.404824,53,3106.261314,55,4360.060075
51,803.151747,3105.556629,5327.995734,51,931.312515,52,2319.499517,54,3192.527056,56,4481.73039
52,824.532602,3188.142085,5469.539066,52,956.481554,53,2382.386852,55,3279.925167,57,4605.01924
53,846.18239,3271.769175,5612.862577,53,981.961077,54,2446.063589,56,3368.45109,58,4729.920372
54,868.100333,3356.434462,5757.96014,54,1007.749906,55,2510.526556,57,3458.100334,59,4856.427612
55,890.285661,3442.134558,5904.825738,55,1033.846896,56,2575.772648,58,3548.868478,60,4984.534866
56,912.737618,3528.866132,6053.453461,56,1060.250931,57,2641.798827,59,3640.751163,61,5114.236113
57,935.455456,3616.625902,6203.837502,57,1086.960923,58,2708.602117,60,3733.744101,62,5245.525412
58,958.438438,3705.410636,6355.972157,58,1113.975813,59,2776.179609,61,3827.843064,63,5378.3969
59,981.685839,3795.217151,6509.851818,59,1141.294568,60,2844.528453,62,3923.043893,64,5512.844788
60,1005.196941,3886.042314,6665.470978,60,1168.91618,61,2913.645862,63,4019.342493,65,5648.863367
61,1028.971036,3977.883038,6822.82422,61,1196.839667,62,2983.529105,64,4116.73483,66,5786.447003
62,1053.007427,4070.736283,6981.906223,62,1225.064072,63,3054.175513,65,4215.216937,67,5925.590136
63,1077.305424,4164.599055,7142.711754,63,1253.588459,64,3125.582471,66,4314.784907,68,6066.287285
64,1101.864346,4259.468405,7305.23567,64,1282.411916,65,3197.747418,67,4415.434895,69,6208.533041
65,1126.68352,4355.341426,7469.472912,65,1311.533553,66,3270.667851,68,4517.163119,70,6352.322073
66,1151.762284,4452.215256,7635.418505,66,1340.952499,67,3344.341315,69,4619.965856,71,6497.649122
67,1177.09998,4550.087074,7803.067558,67,1370.667905,68,3418.76541,70,4723.839443,72,6644.509001
68,1202.69596,4648.954101,7972.415257,68,1400.678941,69,3493.937785,71,4828.780276,73,6792.896599
69,1228.549584,4748.8136,8143.456868,69,1430.984795,70,3569.856135,72,4934.784811,74,6942.806874
70,1254.660218,4849.662871,8316.187733,70,1461.584675,71,3646.518206,73,5041.849558,75,7094.23486
71,1281.027237,4951.499255,8490.603267,71,1492.477803,72,3723.92179,74,5149.971087,76,7247.175656
72,1307.650022,5054.32013,8666.69896,72,1523.66342,73,3802.064721,75,5259.146022,77,7401.624436
73,1334.527962,5158.122913,8844.47037,73,1555.140783,74,3880.944881,76,5369.371043,78,7557.576442
74,1361.660452,5262.905058,9023.913126,74,1586.909164,75,3960.560191,77,5480.642884,79,7715.026983
75,1389.046894,5368.664053,9205.022923,75,1618.967851,76,4040.908615,78,5592.958331,80,7873.971437
76,1416.686697,5475.397423,9387.795525,76,1651.316145,77,4121.988158,79,5706.314225,81,8034.405249
77,1444.579277,5583.102728,9572.226756,77,1683.953361,78,4203.796865,80,5820.707458,82,8196.323931
78,1472.724054,5691.777561,9758.312505,78,1716.878828,79,4286.332816,81,5936.134971,83,8359.723059
79,1501.120457,5801.419549,9946.048724,79,1750.091888,80,4369.594131,82,6052.593757,84,8524.598274
80,1529.767921,5912.02635,10135.43142,80,1783.591894,81,4453.578965,83,6170.080859,85,8690.945281
81,1558.665885,6023.595658,10326.456663,81,1817.378212,82,4538.285508,84,6288.593365,86,8858.759848
82,1587.813797,6136.125194,10519.120577,82,1851.450219,83,4623.711986,85,6408.128414,87,9028.037804
83,1617.211107,6249.612713,10713.419345,83,1885.807304,84,4709.856655,86,6528.68319,88,9198.77504
84,1646.857275,6364.055998,10909.3492,84,1920.448866,85,4796.717805,87,6650.254923,89,9370.967507
85,1676.751763,6479.452863,11106.906431,85,1955.374313,86,4884.293757,88,6772.840888,90,9544.611215
86,1706.894042,6595.801149,11306.087379,86,1990.583064,87,4972.582863,89,6896.438404,91,9719.702233
87,1737.283586,6713.098729,11506.888434,87,2026.074548,88,5061.583503,90,7021.044834,92,9896.236689
88,1767.919875,6831.3435,11709.306036,88,2061.848203,89,5151.294087,91,7146.657584,93,10074.210764
89,1798.802396,6950.533389,11913.336674,89,2097.903474,90,5241.713051,92,7273.274099,94,10253.620698
90,1829.93064,7070.666348,12118.976884,90,2134.239817,91,5332.838861,93,7400.891869,95,10434.462786
91,1861.304101,7191.740356,12326.223248,91,2170.856694,92,5424.670006,94,7529.508421,96,10616.733375
92,1892.922284,7313.753418,12535.072392,92,2207.753577,93,5517.205003,95,7659.121322,97,10800.428868
93,1924.784692,7436.703564,12745.520988,93,2244.929943,94,5610.442391,96,7789.72818,98,10985.545717
94,1956.890839,7560.588847,12957.56575,94,2282.38528,95,5704.380735,97,7921.326637,99,11172.08043
95,1989.24024,7685.407347,13171.203434,95,2320.11908,96,5799.018624,98,8053.914375,100,11360.029561
96,2021.832418,7811.157165,13386.430839,96,2358.130842,97,5894.354667,99,8187.489111,101,11549.389718
97,2054.666897,7937.836428,13603.2448,97,2396.420074,98,5990.387496,100,8322.048599,102,11740.157556
98,2087.74321,8065.443283,13821.642197,98,2434.986287,99,6087.115766,101,8457.590625,103,11932.329778
99,2121.060891,8193.975902,14041.619944,99,2473.829002,100,6184.53815,102,8594.113013,104,12125.903134
100,2154.61948,8323.432476,14263.174996,100,2512.947743,101,6282.653342,103,8731.613617,105,12320.874423
