level,profile,strength,speed,intelligence,growth,hp,mp,shield,armor,attack,element,aps,crit,crit_damage,resist,haste,move,run,evasion,range,travel,projectile_speed,quantity,chain,split,radius,arc,penetration,flat_penetration,resist_penetration,ds,talent_damage,echo_factor,hp_regen,shield_regen,skill_multiplier,skill_mana_cost,skill_cooldown,d8,ehp,cp,reference_attributes,reference_points,exp_next
1,naked,5.0,5.0,5.0,1.0,60.0,75.0,0.0,2.0,1.0,0,0.7,0.05,1.5,0,0,6.0,8.4,0,12,14,21.0,1,0,0,0.0,0,0,0,0,0.7175,1,1,0,0,1,8,0,0.7175,66.0,100.0,0,0,80
1,low,5.0,5.0,5.0,1.0,60.0,75.0,0.0,2.0,1.0,0.5,0.7,0.05,1.5,0,0,6.0,8.4,0,12,14,21.0,1,0,0,0.0,0,0,0,0,1.07625,1,1,0,0,1,8,0,1.07625,66.0,124.982783,0,0,80
1,standard,5.0,5.0,5.0,1.0,60.0,75.0,0.0,2.0,1.0,1.0,0.7,0.05,1.5,0,0,6.0,8.4,0,12,14,21.0,1,0,0,0.0,0,0,0,0,1.435,1,1,0,0,1,8,0,1.435,66.0,146.40857,1,1,80
1,high,5.0,5.0,5.0,1.0,60.0,75.0,0.0,2.0,1.0,1.2,0.7,0.05,1.5,0,0,6.0,8.4,0,12,14,21.0,1,0,0,0.0,0,0,0,0,1.5785,1,1,0,0,1,8,0,1.5785,66.0,154.288115,1,1,80
2,naked,5.31,5.124,5.186,1.062,63.72,75.93,0.2232,2.093,1.062,0,0.707049,0.053596,1.501545,0.000186,0.000928,6.056725,8.479414,0.001731,12,14,21.0372,1,0,0,0.0,0,0,0,0,0.77107,1,1,0,0,1,8,0,0.77107,70.244194,106.434289,0,0,88
2,low,5.31,5.124,5.186,1.062,63.72,75.93,0.2232,2.093,1.062,0.531,0.707049,0.053596,1.501545,0.000186,0.000928,6.056725,8.479414,0.001731,12,14,21.0372,1,0,0,0.0,0,0,0,0,1.156605,1,1,0,0,1,8,0,1.156605,70.244194,133.024537,0,0,88
2,standard,5.31,5.124,5.186,1.062,63.72,75.93,0.2232,2.093,1.062,1.062,0.707049,0.053596,1.501545,0.000186,0.000928,6.056725,8.479414,0.001731,12,14,21.0372,1,0,0,0.0,0,0,0,0,1.542141,1,1,0,0,1,8,0,1.542141,70.244194,155.82892,1,1,88
2,high,5.31,5.124,5.186,1.062,63.72,75.93,0.2232,2.093,1.062,1.2744,0.707049,0.053596,1.501545,0.000186,0.000928,6.056725,8.479414,0.001731,12,14,21.0372,1,0,0,0.0,0,0,0,0,1.696355,1,1,0,0,1,8,0,1.696355,70.244194,164.215459,1,1,88
3,naked,5.64,5.256,5.384,1.128,67.68,76.92,0.4608,2.192,1.128,0,0.713517,0.056897,1.50318,0.000383,0.001911,6.107383,8.550336,0.003329,12,14,21.0768,1,0,0,0.0,0,0,0,0,0.82789,1,1,0,0,1,8,0,0.82789,74.761573,113.214027,0,0,97
3,low,5.64,5.256,5.384,1.128,67.68,76.92,0.4608,2.192,1.128,0.564,0.713517,0.056897,1.50318,0.000383,0.001911,6.107383,8.550336,0.003329,12,14,21.0768,1,0,0,0.0,0,0,0,0,1.241834,1,1,0,0,1,8,0,1.241834,74.761573,141.498043,0,0,97
3,standard,5.64,5.256,5.384,1.128,67.68,76.92,0.4608,2.192,1.128,1.128,0.713517,0.056897,1.50318,0.000383,0.001911,6.107383,8.550336,0.003329,12,14,21.0768,2,0,0,0.0,0,0,0,0,1.655779,1,1,0,0,1,8,0,3.311558,74.761573,193.06046,2,3,97
3,high,5.64,5.256,5.384,1.128,67.68,76.92,0.4608,2.192,1.128,1.3536,0.856221,0.056897,1.50318,0.000383,0.001911,6.107383,8.550336,0.003329,12,14,21.0768,2,0,0,0.0,0,0,0,0,2.185628,1,1,0,0,1,8,0,4.371257,74.761573,224.910121,2,3,97
4,naked,5.99,5.396,5.594,1.198,71.88,77.97,0.7128,2.297,1.198,0,0.719443,0.05992,1.504901,0.00059,0.002948,6.15266,8.613724,0.0048,12,14,21.1188,1,0,0,0.0,0,0,0,0,0.887968,1,1,0,0,1,8,0,0.887968,79.552135,120.335951,0,0,106
4,low,5.99,5.396,5.594,1.198,71.88,77.97,0.7128,2.297,1.198,0.599,0.719443,0.05992,1.504901,0.00059,0.002948,6.15266,8.613724,0.0048,12,14,21.1188,1,0,0,0.0,0,0,0,0,1.331952,1,1,0,0,1,8,0,1.331952,79.552135,150.39922,0,0,106
4,standard,5.99,5.396,5.594,1.198,71.88,77.97,0.7128,2.297,1.198,1.198,0.719443,0.05992,1.504901,0.00059,0.002948,6.15266,8.613724,0.0048,12,14,21.1188,2,0,0,0.0,0,0,0,0,1.775936,1,1,0,0,1,8,0,3.551872,79.552135,205.20526,2,3,106
4,high,5.99,5.396,5.594,1.198,71.88,77.97,0.7128,2.297,1.198,1.4376,0.863331,0.05992,1.504901,0.00059,0.002948,6.15266,8.613724,0.0048,12,14,21.1188,2,0,0,0.0,0,0,0,0,2.344235,1,1,0,0,1,8,0,4.688471,79.552135,239.058479,2,3,106
5,naked,6.36,5.544,5.816,1.272,76.32,79.08,0.9792,2.408,1.272,0,0.724866,0.062687,1.506709,0.000809,0.004039,6.193182,8.670455,0.006152,12,14,21.1632,1,0,0,0.0,0,0,0,0,0.951316,1,1,0,0,1,8,0,0.951316,84.615885,127.797017,0,0,114
5,low,6.36,5.544,5.816,1.272,76.32,79.08,0.9792,2.408,1.272,0.636,0.724866,0.062687,1.506709,0.000809,0.004039,6.193182,8.670455,0.006152,12,14,21.1632,2,0,0,0.0,0,0,0,0,1.426974,1,1,0,0,1,8,0,2.853949,84.615885,186.036221,0,0,114
5,standard,6.36,5.544,5.816,1.272,76.32,79.08,0.9792,2.408,1.272,1.272,0.724866,0.062687,1.506709,0.000809,0.004039,6.193182,8.670455,0.006152,12,14,21.1632,2,1,0,0.0,0,0,0,0,1.902633,1,1,0,0,1,8,0,6.849477,84.615885,248.012612,3,5,114
5,high,6.36,5.544,5.816,1.272,76.32,79.08,0.9792,2.408,1.272,1.5264,0.869839,0.062687,1.506709,0.000809,0.004039,6.193182,8.670455,0.006152,12,14,21.1632,4,2,0,0.0,0,0,0,0,2.511475,1,1,0,0,1,8,0,18.08262,84.615885,336.523988,3,5,114
6,naked,6.75,5.7,6.05,1.35,81.0,80.25,1.26,2.525,1.35,0,0.729826,0.065217,1.5086,0.001039,0.005182,6.229508,8.721311,0.007394,12,14,21.21,1,0,0,0.0,0,0,0,0,1.017946,1,1,0,0,1,8,0,1.017946,89.952833,135.594362,0,0,123
6,low,6.75,5.7,6.05,1.35,81.0,80.25,1.26,2.525,1.35,0.675,0.729826,0.065217,1.5086,0.001039,0.005182,6.229508,8.721311,0.007394,12,14,21.21,2,0,0,0.0,0,0,0,0,1.526919,1,1,0,0,1,8,0,3.053838,89.952833,197.386943,0,0,123
6,standard,6.75,5.7,6.05,1.35,81.0,80.25,1.26,2.525,1.35,1.35,0.729826,0.065217,1.5086,0.001039,0.005182,6.229508,8.721311,0.007394,12,14,21.21,2,1,0,0.0,0,0,0,0,2.035892,1,1,0,0,1,8,0,7.329211,89.952833,263.144731,3,5,123
6,high,6.75,5.7,6.05,1.35,81.0,80.25,1.26,2.525,1.35,1.62,0.875791,0.065217,1.5086,0.001039,0.005182,6.229508,8.721311,0.007394,12,14,21.21,4,2,0,0.0,0,0,0,0,2.687377,1,1,0,0,1,8,0,19.349118,89.952833,357.056497,3,5,123
7,naked,7.16,5.864,6.296,1.432,85.92,81.48,1.5552,2.648,1.432,0,0.734364,0.067532,1.510572,0.001279,0.006377,6.262136,8.76699,0.008535,12,14,21.2592,1,0,0,0.0,0,0,0,0,1.087868,1,1,0,0,1,8,0,1.087868,95.562991,143.725258,0,0,132
7,low,7.16,5.864,6.296,1.432,85.92,81.48,1.5552,2.648,1.432,0.716,0.734364,0.067532,1.510572,0.001279,0.006377,6.262136,8.76699,0.008535,12,14,21.2592,2,0,0,0.0,0,0,0,0,1.631803,1,1,0,0,1,8,0,3.263605,95.562991,209.223223,0,0,132
7,standard,11.456,5.864,6.296,1.432,94.512,81.48,1.5552,3.9368,1.8616,1.432,0.734364,0.067532,1.510572,0.001279,0.006377,6.262136,8.76699,0.008535,12,14,21.2592,2,1,0,0.0,0,0,0,0,2.502097,1,1,0,0,1,8,0,9.00755,109.272415,315.680125,4,7,132
7,high,14.8928,5.864,6.296,1.432,101.3856,81.48,1.5552,4.96784,2.20528,1.7184,0.881236,0.067532,1.510572,0.001279,0.006377,6.262136,8.76699,0.008535,12,14,21.2592,4,2,0,0.0,0,0,0,0,3.576911,1,1,0,0,1,8,0,25.753761,120.796716,463.5287,4,7,132
8,naked,7.59,6.036,6.554,1.518,91.08,82.77,1.8648,2.777,1.518,0,0.738516,0.069651,1.512623,0.00153,0.007622,6.291503,8.808104,0.009583,12,14,21.3108,1,0,0,0.0,0,0,0,0,1.161095,1,1,0,0,1,8,0,1.161095,101.446371,152.1871,0,0,141
8,low,7.59,6.036,6.554,1.518,91.08,82.77,1.8648,2.777,1.518,0.759,0.738516,0.069651,1.512623,0.00153,0.007622,6.291503,8.808104,0.009583,12,14,21.3108,2,0,0,0.0,0,0,0,0,1.741642,1,1,0,0,1,8,0,3.483284,101.446371,221.541266,0,0,141
8,standard,12.144,6.036,6.554,1.518,100.188,82.77,1.8648,4.1432,1.9734,1.518,0.738516,0.069651,1.512623,0.00153,0.007622,6.291503,8.808104,0.009583,12,14,21.3108,2,1,0,0.0,0,0,0,0,2.670517,1,1,0,0,1,8,0,9.613863,115.979847,334.245684,4,7,141
8,high,15.7872,6.036,6.554,1.518,107.4744,82.77,1.8648,5.23616,2.33772,1.8216,0.886219,0.069651,1.512623,0.00153,0.007622,6.291503,8.808104,0.009583,12,14,21.3108,4,2,0,0.0,0,0,0,0,3.817679,1,1,0,0,1,8,0,27.487288,128.196827,490.769711,4,7,141
9,naked,8.04,6.216,6.824,1.608,96.48,84.12,2.1888,2.912,1.608,0,0.742318,0.071591,1.514752,0.001791,0.008917,6.317992,8.845188,0.010546,12,14,21.3648,1,0,0,0.0,0,0,0,0,1.237635,1,1,0,0,1,8,0,1.237635,107.60299,160.977384,0,0,150
9,low,10.452,6.216,6.824,1.608,101.304,84.12,2.1888,3.6356,1.8492,0.804,0.742318,0.071591,1.514752,0.001791,0.008917,6.317992,8.845188,0.010546,12,14,21.3648,2,0,0,0.0,0,0,0,0,2.042098,1,1,0,0,1,8,0,4.084197,115.192378,252.91083,0,0,150
9,standard,12.864,6.216,10.04,1.608,106.128,100.2,6.048,4.3592,2.412,1.608,0.742318,0.071591,1.538745,0.004798,0.023706,6.317992,8.845188,0.010546,12,14,22.008,2,1,0,0.0,0,0,0,0,3.099214,1,1,0,0,1,8,0,11.157172,127.38115,375.026626,5,9,150
9,high,16.7232,6.216,12.6128,1.608,113.8464,113.064,9.13536,5.51696,3.0552,1.9296,0.890782,0.071591,1.556297,0.007074,0.034757,6.317992,8.845188,0.010546,12,14,22.52256,4,2,0,0.0,0,0,0,0,4.617211,1,1,0,0,1,8,0,33.243916,144.078944,567.84853,5,9,150
10,naked,8.51,6.404,7.106,1.702,102.12,85.53,2.5272,3.053,1.702,0,0.745803,0.073369,1.516955,0.002063,0.01026,6.341939,8.878714,0.011431,12,14,21.4212,1,0,0,0.0,0,0,0,0,1.317501,1,1,0,0,1,8,0,1.317501,114.032861,170.093699,0,0,160
10,low,11.063,6.404,7.106,1.702,107.226,85.53,2.5272,3.8189,1.9573,0.851,0.745803,0.073369,1.516955,0.002063,0.01026,6.341939,8.878714,0.011431,12,14,21.4212,2,0,0,0.0,0,0,0,0,2.173877,1,1,0,0,1,8,0,4.347754,122.066258,267.226152,0,0,160
10,standard,13.616,6.404,10.51,1.702,112.332,102.55,6.612,4.5848,2.553,1.702,0.745803,0.073369,1.542055,0.005222,0.025775,6.341939,8.878714,0.011431,12,14,22.102,2,1,0,0.0,0,0,0,0,3.299597,1,1,0,0,1,8,0,11.878549,134.964401,396.261089,5,9,160
10,high,17.7008,6.404,13.2332,1.702,120.5016,116.166,9.87984,5.81024,3.2338,2.0424,0.894964,0.073369,1.560331,0.007607,0.037325,6.341939,8.878714,0.011431,12,14,22.64664,4,2,0,0.0,0,0,0,0,4.916132,1,1,0,0,1,8,0,35.396152,152.636066,599.999331,5,9,160
11,naked,9.0,6.6,7.4,1.8,108.0,87.0,2.88,3.2,1.8,0,0.749,0.075,1.519231,0.002344,0.01165,6.363636,8.909091,0.012245,12,14,21.48,1,0,0,0.0,0,0,0,0,1.400702,1,1,0,0,1,8,0,1.400702,120.736,179.533718,0,0,169
11,low,11.7,6.6,7.4,1.8,113.4,87.0,2.88,4.01,2.07,0.9,0.749,0.075,1.519231,0.002344,0.01165,6.363636,8.909091,0.012245,12,14,21.48,2,0,0,0.0,0,0,0,0,2.311158,1,1,0,0,1,8,0,4.622317,129.2323,282.049799,0,0,169
11,standard,14.4,6.6,11.0,1.8,140.4,105.0,7.2,4.82,2.7,1.8,0.749,0.075,1.545455,0.00566,0.027907,6.363636,8.909091,0.012245,12,14,22.2,2,1,0,0.0,0,0,0,0,3.508384,1,1,0,0,1,8,0,12.630183,167.362,442.067267,6,11,169
11,high,18.72,6.6,13.88,1.8,166.32,119.4,10.656,6.116,3.42,2.16,0.8988,0.075,1.56446,0.008156,0.039964,6.363636,8.909091,0.012245,12,14,22.776,4,2,0,0.0,0,0,0,0,5.227624,1,1,0,0,1,8,0,37.638895,207.042256,690.739332,6,11,169
12,naked,9.51,6.804,7.706,1.902,114.12,88.53,3.2472,3.353,1.902,0,0.751937,0.076498,1.521577,0.002635,0.013087,6.38334,8.936677,0.012995,12,14,21.5412,1,0,0,0.0,0,0,0,0,1.487247,1,1,0,0,1,8,0,1.487247,127.712421,189.295194,0,0,178
12,low,12.363,6.804,7.706,1.902,119.826,88.53,3.2472,4.2089,2.1873,0.951,0.751937,0.076498,1.521577,0.002635,0.013087,6.38334,8.936677,0.012995,12,14,21.5412,2,0,0,0.0,0,0,0,0,2.453958,1,1,0,0,1,8,0,4.907916,136.690518,297.378246,0,0,178
12,standard,15.216,6.804,11.51,1.902,148.356,107.55,7.812,5.0648,2.853,1.902,0.751937,0.076498,1.54894,0.006112,0.030101,6.38334,8.936677,0.012995,12,14,22.302,2,1,0,0.0,0,0,0,0,3.725602,1,1,0,0,1,8,0,13.412168,176.960841,466.067567,6,11,178
12,high,19.7808,6.804,14.5532,1.902,175.7448,122.766,11.46384,6.43424,3.6138,2.2824,0.902324,0.076498,1.568675,0.00872,0.042671,6.38334,8.936677,0.012995,12,14,22.91064,4,2,0,0.0,0,0,0,0,5.551728,1,1,0,0,1,8,0,39.972444,218.873869,728.221984,6,11,178
13,naked,10.04,7.016,8.024,2.008,120.48,90.12,3.6288,3.512,2.008,0,0.754637,0.077876,1.523991,0.002935,0.014569,6.401274,8.961783,0.013686,12,14,21.6048,1,0,0,0.0,0,0,0,0,1.577146,1,1,0,0,1,8,0,1.577146,134.962139,199.375958,0,0,187
13,low,13.052,7.016,11.036,2.008,126.504,105.18,7.2432,4.4156,2.6104,1.004,0.754637,0.077876,1.545702,0.005692,0.028063,6.401274,8.961783,0.013686,12,14,22.2072,2,0,0,0.0,0,0,0,0,2.843474,1,1,0,0,1,8,0,5.686948,148.452731,332.023381,0,0,187
13,standard,16.064,13.04,12.04,2.008,156.624,110.2,8.448,5.3192,3.6144,2.008,0.863442,0.133389,1.552506,0.006577,0.032353,7.000498,9.800697,0.042888,12,14,22.408,2,1,0,0.0,0,0,0,0,5.21239,1,1,0,0,1,8,0,18.764606,186.935819,576.772562,7,13,187
13,high,20.8832,17.8592,15.2528,2.008,185.5392,126.264,12.30336,6.76496,4.89952,2.4096,1.101424,0.16115,1.572971,0.009299,0.04544,7.231064,10.123489,0.058559,12,14,23.05056,4,2,0,0.0,0,0,0,0,8.793767,1,1,0,0,1,8,0,63.315121,231.169179,967.937938,7,13,187
14,naked,10.59,7.236,8.354,2.118,127.08,91.77,4.0248,3.677,2.118,0,0.757124,0.079145,1.52647,0.003245,0.016095,6.417632,8.984684,0.014324,12,14,21.6708,1,0,0,0.0,0,0,0,0,1.670406,1,1,0,0,1,8,0,1.670406,142.485167,209.77391,0,0,197
14,low,13.767,7.236,11.531,2.118,133.434,107.655,7.8372,4.6301,2.7534,1.059,0.757124,0.079145,1.549082,0.006131,0.03019,6.417632,8.984684,0.014324,12,14,22.3062,2,0,0,0.0,0,0,0,0,3.011897,1,1,0,0,1,8,0,6.023794,156.712649,349.345386,0,0,197
14,standard,16.944,13.59,12.59,2.118,165.204,112.95,9.108,5.5832,3.8124,2.118,0.864843,0.134104,1.556147,0.007055,0.034661,7.006916,9.809682,0.043282,12,14,22.518,2,1,0,0.0,0,0,0,0,5.511382,1,1,0,0,1,8,0,19.840976,197.286947,606.121105,7,13,197
14,high,22.0272,18.6732,15.9788,2.118,195.7032,129.894,13.17456,7.10816,5.16792,2.5416,1.102592,0.161646,1.577339,0.009893,0.04827,7.234868,10.128815,0.058846,12,14,23.19576,4,2,0,0.0,0,0,0,0,9.29376,1,1,0,0,1,8,0,66.915073,243.928198,1016.823717,7,13,197
15,naked,11.16,7.464,8.696,2.232,133.92,93.48,4.4352,3.848,2.232,0,0.759417,0.080315,1.529013,0.003564,0.017664,6.432584,9.005618,0.014913,12,14,21.7392,1,0,0,0.0,0,0,0,0,1.767037,1,1,0,0,1,8,0,1.767037,150.281517,220.487022,0,0,206
15,low,14.508,7.464,12.044,2.232,140.616,110.22,8.4528,4.8524,2.9016,1.116,0.759417,0.080315,1.552533,0.00658,0.03237,6.432584,9.005618,0.014913,12,14,22.4088,2,0,0,0.0,0,0,0,0,3.18643,1,1,0,0,1,8,0,6.372859,165.272685,367.193822,0,0,206
15,standard,24.552,14.16,13.16,2.232,187.488,115.8,9.792,7.8656,4.6872,2.232,0.866139,0.134765,1.559859,0.007544,0.037024,7.012826,9.817957,0.043647,12,14,22.632,2,1,0,0.0,0,0,0,0,6.445152,1,1,0,0,1,8,0,23.202547,232.040877,699.268754,8,15,206
15,high,35.133333,19.5168,16.7312,2.232,230.077867,133.656,14.07744,11.04,6.638133,2.6784,1.103674,0.162106,1.581772,0.010499,0.051155,7.238381,10.133734,0.059113,12,14,23.34624,4,2,0,0.0,0,0,0,0,11.252144,1,1,0,0,1,8,0,81.015436,304.537802,1220.881657,8,15,206
16,naked,11.75,7.7,9.05,2.35,141.0,95.25,4.86,4.025,2.35,0,0.761535,0.081395,1.531616,0.003892,0.019274,6.446281,9.024793,0.015458,12,14,21.81,1,0,0,0.0,0,0,0,0,1.867045,1,1,0,0,1,8,0,1.867045,158.351202,231.513332,0,0,216
16,low,15.275,7.7,12.575,2.35,148.05,112.875,9.09,5.0825,3.055,1.175,0.761535,0.081395,1.556049,0.007042,0.034599,6.446281,9.024793,0.015458,12,14,22.515,2,0,0,0.0,0,0,0,0,3.367088,1,1,0,0,1,8,0,6.734175,174.132852,385.565484,0,0,216
16,standard,25.85,14.75,13.75,2.35,197.4,118.75,10.5,8.255,4.935,2.35,0.867338,0.135377,1.563636,0.008046,0.039437,7.018277,9.825587,0.043985,12,14,22.75,2,1,0,0.0,0,0,0,0,6.800683,1,1,0,0,1,8,0,24.482459,244.415202,733.501185,8,15,216
16,high,36.990741,20.39,17.51,2.35,242.241481,137.55,15.012,11.597222,6.989074,2.82,1.104677,0.162533,1.586264,0.011119,0.054091,7.24163,10.138282,0.05936,12,14,23.502,4,2,0,0.0,0,0,0,0,11.868381,1,1,0,0,1,8,0,85.452344,320.730626,1280.276278,8,15,216
17,naked,12.36,7.944,9.416,2.472,148.32,97.08,5.2992,4.208,2.472,0,0.763493,0.082394,1.534277,0.004229,0.020925,6.458853,9.042394,0.015963,12,14,21.8832,1,0,0,0.0,0,0,0,0,1.970439,1,1,0,0,1,8,0,1.970439,166.694232,242.850942,0,0,225
17,low,16.068,7.944,13.124,2.472,175.512,115.62,9.7488,5.3204,3.2136,1.236,0.763493,0.082394,1.559627,0.007514,0.036875,6.458853,9.042394,0.015963,12,14,22.6248,2,0,0,0.0,0,0,0,0,3.553885,1,1,0,0,1,8,0,7.10777,205.19732,420.757187,0,0,225
17,standard,27.192,15.36,19.304,2.472,207.648,146.52,17.1648,8.6576,5.6856,2.472,0.86845,0.135944,1.596253,0.012514,0.060672,7.023311,9.832635,0.044299,12,14,23.8608,2,1,0,0.0,0,0,0,0,7.65871,1,1,0,0,1,8,0,27.571356,264.180504,804.700086,9,17,225
17,high,38.911111,21.2928,27.2144,2.472,254.817422,186.072,26.65728,12.173333,8.241831,2.9664,1.105608,0.162929,1.6351,0.018177,0.086933,7.244637,10.142492,0.059589,12,14,25.44288,4,2,0,0.0,0,0,0,0,13.674177,1,1,0,0,1,8,0,98.454077,350.780636,1428.122269,9,17,225
18,naked,12.99,8.196,9.794,2.598,155.88,98.97,5.7528,4.397,2.598,0,0.765306,0.083319,1.536994,0.004575,0.022615,6.470415,9.058581,0.016431,12,14,21.9588,1,0,0,0.0,0,0,0,0,2.077224,1,1,0,0,1,8,0,2.077224,175.310618,254.498019,0,0,235
18,low,16.887,8.196,13.691,2.598,184.458,118.455,10.4292,5.5661,3.3774,1.299,0.765306,0.083319,1.563262,0.007996,0.039197,6.470415,9.058581,0.016431,12,14,22.7382,2,0,0,0.0,0,0,0,0,3.746836,1,1,0,0,1,8,0,7.493673,215.76406,440.930915,0,0,235
18,standard,28.578,15.99,20.186,2.598,218.232,150.93,18.2232,9.0734,5.9754,2.598,0.869481,0.13647,1.60099,0.013184,0.063816,7.027967,9.839154,0.04459,12,14,24.0372,2,1,0,0.0,0,0,0,0,8.0658,1,1,0,0,1,8,0,29.036881,277.745666,842.644972,9,17,235
18,high,40.894444,22.2252,28.4996,2.598,267.805689,192.498,28.19952,12.768333,8.661924,3.1176,1.106473,0.163296,1.640717,0.019028,0.09082,7.247426,10.146396,0.059803,12,14,25.69992,4,2,0,0.0,0,0,0,0,14.397398,1,1,0,0,1,8,0,103.661267,368.743723,1495.146701,9,17,235
19,naked,13.64,8.456,10.184,2.728,163.68,100.92,6.2208,4.592,2.728,0,0.766987,0.084177,1.539764,0.004929,0.024343,6.481069,9.073497,0.016866,12,14,22.0368,1,0,0,0.0,0,0,0,0,2.187409,1,1,0,0,1,8,0,2.187409,184.200369,266.452785,0,0,244
19,low,17.732,8.456,14.276,2.728,193.688,121.38,11.1312,5.8196,3.5464,1.364,0.766987,0.084177,1.56695,0.008489,0.041561,6.481069,9.073497,0.016866,12,14,22.8552,2,0,0,0.0,0,0,0,0,3.945954,1,1,0,0,1,8,0,7.891909,226.666081,461.63915,0,0,244
19,standard,30.008,16.64,21.096,2.728,229.152,155.48,41.1392,9.5024,6.2744,2.728,0.87044,0.136959,1.605761,0.013864,0.067,7.032281,9.845193,0.044861,12,14,24.2192,2,1,0,0.0,0,0,0,0,8.486162,1,1,0,0,1,8,0,30.550183,317.366257,907.979627,10,19,244
19,high,42.940741,23.1872,29.8256,2.728,281.206281,199.128,69.07392,13.382222,9.095354,3.2736,1.107277,0.163638,1.646333,0.019888,0.094731,7.250014,10.150019,0.060001,12,14,25.96512,4,2,0,0.0,0,0,0,0,15.144398,1,1,0,0,1,8,0,109.039665,436.195295,1630.483583,10,19,244
20,naked,14.31,8.724,10.586,2.862,171.72,102.93,6.7032,4.793,2.862,0,0.768548,0.084974,1.542585,0.00529,0.026107,6.490904,9.087266,0.017271,12,14,22.1172,1,0,0,0.0,0,0,0,0,2.300999,1,1,0,0,1,8,0,2.300999,193.363493,278.713522,0,0,254
20,low,18.603,8.724,14.879,2.862,203.202,124.395,11.8548,6.0809,3.7206,1.431,0.768548,0.084974,1.570686,0.008991,0.043966,6.490904,9.087266,0.017271,12,14,22.9758,2,0,0,0.0,0,0,0,0,4.151252,1,1,0,0,1,8,0,8.302503,237.903391,482.878955,0,0,254
20,standard,31.482,17.31,22.034,2.862,240.408,160.17,43.3368,9.9446,6.5826,2.862,0.871332,0.137414,1.610562,0.014555,0.070219,7.036283,9.850796,0.045114,12,14,24.4068,2,1,0,0.0,0,0,0,0,8.919821,1,1,0,0,1,8,0,32.111356,333.041245,949.147079,10,19,254
20,high,45.05,24.1788,31.1924,2.862,295.0192,205.962,72.64368,14.015,9.54212,3.4344,1.108026,0.163957,1.651941,0.020756,0.09866,7.252419,10.153387,0.060186,12,14,26.23848,4,2,0,0.0,0,0,0,0,15.91522,1,1,0,0,1,8,0,114.589581,457.683762,1704.114477,10,19,254
21,naked,15.0,9.0,11.0,3.0,180.0,105.0,7.2,5.0,3.0,0,0.77,0.085714,1.545455,0.00566,0.027907,6.5,9.1,0.017647,12,14,22.2,1,0,0,0.0,0,0,0,0,2.418,1,1,0,0,1,8,0,2.418,202.8,291.278568,0,0,263
21,low,19.5,13.5,15.5,3.0,213.0,127.5,12.6,6.35,4.35,1.5,0.828154,0.115385,1.574468,0.009502,0.046409,6.829268,9.560976,0.033117,12,14,23.1,2,0,0,0.0,0,0,0,0,5.16583,1,1,0,0,1,8,0,10.33166,249.476,556.536421,0,0,263
21,standard,33.0,18.0,23.0,3.0,252.0,165.0,45.6,22.4,6.9,3.0,0.872162,0.137838,1.615385,0.015254,0.073469,7.04,9.856,0.045349,12,14,24.6,2,1,0,0.0,0,0,0,0,9.366804,1,1,0,0,1,8,0,33.720495,408.704,1047.501529,11,21,263
21,high,47.222222,25.2,32.6,3.0,309.244444,213.0,76.32,36.266667,10.002222,3.6,1.108724,0.164253,1.657534,0.02163,0.102602,7.254658,10.156522,0.060359,12,14,26.52,4,2,0,0.0,0,0,0,0,16.709904,1,1,0,0,1,8,0,120.311305,618.616731,1945.138569,11,21,263
22,naked,15.71,9.284,11.426,3.142,188.52,107.13,7.7112,5.213,3.142,0,0.771351,0.086404,1.54837,0.006038,0.029741,6.508426,9.111797,0.017998,12,14,22.2852,1,0,0,0.0,0,0,0,0,2.538419,1,1,0,0,1,8,0,2.538419,212.509896,304.146311,0,0,273
22,low,20.423,13.997,16.139,3.142,223.082,130.695,13.3668,6.6269,4.5559,1.571,0.829157,0.115897,1.57829,0.010023,0.048888,6.834408,9.568171,0.033391,12,14,23.2278,2,0,0,0.0,0,0,0,0,5.420647,1,1,0,0,1,8,0,10.841294,261.383914,580.918024,0,0,273
22,standard,34.562,18.71,23.994,3.142,263.928,169.97,47.9288,23.4366,7.2266,3.142,0.872937,0.138233,1.620224,0.015962,0.076748,7.043458,9.860842,0.045568,12,14,24.7988,2,1,0,0.0,0,0,0,0,9.827135,1,1,0,0,1,8,0,35.377686,428.165888,1093.217617,11,21,273
22,high,49.457407,26.2508,34.0484,3.142,323.882015,220.242,80.10288,37.959622,10.475661,3.7704,1.109376,0.16453,1.663105,0.02251,0.106552,7.256745,10.159443,0.06052,12,14,26.80968,4,2,0,0.0,0,0,0,0,17.528487,1,1,0,0,1,8,0,126.205108,648.019172,2029.761321,11,21,273
23,naked,16.44,9.576,11.864,3.288,197.28,109.32,8.2368,5.432,3.288,0,0.772611,0.087047,1.551328,0.006423,0.031608,6.516245,9.122744,0.018326,12,14,22.3728,1,0,0,0.0,0,0,0,0,2.662261,1,1,0,0,1,8,0,2.662261,222.493188,317.31519,0,0,282
23,low,21.372,14.508,16.796,3.288,233.448,133.98,14.1552,6.9116,4.7676,1.644,0.830094,0.116374,1.582149,0.010551,0.051401,6.839188,9.574863,0.033646,12,14,23.3592,2,0,0,0.0,0,0,0,0,5.682796,1,1,0,0,1,8,0,11.365592,273.62714,605.876847,0,0,282
23,standard,36.168,19.44,25.016,3.288,276.192,175.08,50.3232,24.5024,7.5624,4.932,0.87366,0.138602,1.625075,0.016678,0.080051,7.04668,9.865352,0.045773,12,14,25.0032,2,1,0,0.0,0,0,0,0,11.86157,1,1,0,0,1,8,0,42.701651,448.175876,1232.005409,12,23,282
23,high,51.755556,27.3312,35.5376,3.288,338.931911,227.688,83.99232,39.700267,10.962436,3.9456,1.109984,0.164789,1.668646,0.023394,0.110506,7.258691,10.162168,0.06067,12,14,27.10752,4,2,2,1.0,0,0,0,0,18.371005,1,1,0,0,1,8,0,132.271238,678.249729,2116.415386,12,23,282
24,naked,17.19,9.876,12.314,3.438,206.28,111.57,8.7768,5.657,3.438,0,0.773788,0.087647,1.554327,0.006816,0.033507,6.523513,9.132918,0.018632,12,14,22.4628,1,0,0,0.0,0,0,0,0,2.789531,1,1,0,0,1,8,0,2.789531,232.749882,330.783692,0,0,292
24,low,22.347,15.033,17.471,3.438,244.098,137.355,14.9652,7.2041,4.9851,1.719,0.830969,0.116821,1.586041,0.011088,0.053946,6.843641,9.581097,0.033885,12,14,23.4942,2,0,0,0.0,0,0,0,0,5.95229,1,1,0,0,1,8,0,11.904581,286.205684,631.409948,0,0,292
24,standard,37.818,20.19,26.066,3.438,288.792,180.33,52.7832,25.5974,7.9074,5.157,0.874336,0.138947,1.629931,0.0174,0.083375,7.049686,9.86956,0.045965,12,14,25.2132,2,1,0,0.0,0,0,0,0,12.422467,1,1,0,0,1,8,0,44.720882,468.73397,1283.762097,12,23,292
24,high,54.116667,28.4412,37.0676,3.438,354.394133,235.338,87.98832,41.4886,11.462547,4.1256,1.110554,0.165031,1.674152,0.024281,0.114458,7.26051,10.164714,0.060811,12,14,27.41352,4,2,2,1.0,0,0,0,0,19.23749,1,1,0,0,1,8,0,138.509928,709.308408,2205.089509,12,23,292
25,naked,17.96,10.184,12.776,3.592,215.52,113.88,9.3312,5.888,3.592,0,0.774887,0.088208,1.557365,0.007215,0.035436,6.530278,9.14239,0.018918,12,14,22.5552,1,0,0,0.0,0,0,0,0,2.920236,1,1,0,0,1,8,0,2.920236,243.279984,344.55035,0,0,302
25,low,23.348,15.572,18.164,3.592,255.032,140.82,15.7968,7.5044,5.2084,1.796,0.831787,0.117238,1.589962,0.011633,0.05652,6.847795,9.586913,0.034109,12,14,23.6328,2,0,0,0.0,0,0,0,0,6.229142,1,1,0,0,1,8,0,12.458284,299.119552,657.514478,0,0,302
25,standard,39.512,20.96,27.144,3.592,301.728,185.72,55.3088,26.7216,8.2616,5.388,0.874969,0.13927,1.634788,0.018129,0.086717,7.052493,9.87349,0.046145,12,14,25.4288,2,1,0,0.0,0,0,0,0,12.998811,1,1,0,0,1,8,0,46.795721,489.840176,1336.685721,12,23,302
25,high,56.540741,29.5808,38.6384,3.592,370.268681,243.192,92.09088,43.324622,11.975994,4.3104,1.111087,0.165258,1.679619,0.025171,0.118405,7.262211,10.167095,0.060943,12,14,27.72768,4,2,2,1.0,0,0,0,0,20.127971,1,1,0,0,1,8,0,144.921388,741.195215,2295.772722,12,23,302
26,naked,18.75,10.5,13.25,3.75,225.0,116.25,9.9,6.125,3.75,0,0.775915,0.088732,1.56044,0.007621,0.037394,6.536585,9.15122,0.019186,12,14,22.65,1,0,0,0.0,0,0,0,0,3.054379,1,1,0,0,1,8,0,3.054379,254.0835,358.613741,0,0,312
26,low,24.375,16.125,18.875,3.75,266.25,144.375,16.65,7.8125,5.4375,1.875,0.832553,0.117629,1.593909,0.012184,0.059121,6.851675,9.592344,0.034319,12,14,23.775,2,0,0,0.0,0,0,0,0,6.513362,1,1,0,0,1,8,0,13.026724,312.36875,684.187673,0,0,312
26,standard,41.25,21.75,28.25,3.75,315.0,191.25,57.9,27.875,8.625,5.625,0.875561,0.139572,1.63964,0.018864,0.090073,7.055118,9.877165,0.046313,12,14,25.65,2,1,0,0.0,0,0,0,0,13.590625,1,1,0,0,1,8,0,48.926249,511.4945,1390.770426,12,23,312
26,high,59.027778,30.75,40.25,3.75,386.555556,251.25,96.3,45.208333,12.502778,4.5,1.111587,0.165471,1.685039,0.026063,0.122343,7.263804,10.169325,0.061067,12,14,28.05,4,2,2,1.0,0,0,0,0,21.042474,1,1,0,0,1,8,0,151.505814,773.910154,2388.45433,12,23,312
27,naked,19.56,10.824,13.736,3.912,234.72,118.68,10.4832,6.368,3.912,0,0.776879,0.089224,1.563547,0.008034,0.03938,6.542474,9.159463,0.019438,12,14,22.7472,1,0,0,0.0,0,0,0,0,3.191967,1,1,0,0,1,8,0,3.191967,265.160434,372.972481,0,0,321
27,low,25.428,16.692,19.604,3.912,277.752,148.02,17.5248,8.1284,5.6724,1.956,0.833272,0.117996,1.597877,0.012743,0.061748,6.855304,9.597425,0.034515,12,14,23.9208,2,0,0,0.0,0,0,0,0,6.804963,1,1,0,0,1,8,0,13.609925,325.953282,711.426849,0,0,321
27,standard,43.032,22.56,29.384,3.912,328.608,196.92,60.5568,29.0576,8.9976,5.868,0.876118,0.139856,1.644482,0.019604,0.09344,7.057576,9.880607,0.046471,12,14,25.8768,2,1,0,0.0,0,0,0,0,14.197928,1,1,0,0,1,8,0,51.112542,533.696946,1446.010512,12,23,321
27,high,61.577778,31.9488,41.9024,3.912,403.254756,259.512,100.61568,47.139733,13.042898,4.6944,1.112057,0.16567,1.69041,0.026955,0.126267,7.265297,10.171416,0.061183,12,14,28.38048,4,2,2,1.0,0,0,0,0,21.981025,1,1,0,0,1,8,0,158.263383,807.453232,2483.123892,12,23,321
28,naked,20.39,11.156,14.234,4.078,244.68,121.17,11.0808,6.617,4.078,0,0.777783,0.089685,1.566687,0.008453,0.041392,6.547979,9.167171,0.019674,12,14,22.8468,1,0,0,0.0,0,0,0,0,3.333003,1,1,0,0,1,8,0,3.333003,276.51079,387.625227,0,0,331
28,low,26.507,17.273,20.351,4.078,289.538,151.755,18.4212,8.4521,5.9131,2.039,0.833946,0.11834,1.601863,0.013308,0.064398,6.858702,9.602183,0.0347,12,14,24.0702,2,0,0,0.0,0,0,0,0,7.103954,1,1,0,0,1,8,0,14.207909,339.873152,739.2294,0,0,331
28,standard,44.858,23.39,30.546,4.078,342.552,202.73,63.2792,30.2694,9.3794,6.117,0.87664,0.140122,1.649311,0.020348,0.096815,7.059881,9.883834,0.04662,12,14,26.1092,2,1,0,0.0,0,0,0,0,14.820743,1,1,0,0,1,8,0,53.354674,556.447518,1502.400422,12,23,331
28,high,64.190741,33.1772,43.5956,4.078,420.366281,267.978,105.03792,49.118822,13.596354,4.8936,1.112498,0.165858,1.695727,0.027848,0.130175,7.266698,10.173378,0.061293,12,14,28.71912,4,2,2,1.0,0,0,0,0,22.943646,1,1,0,0,1,8,0,165.194254,841.824451,2579.771211,12,23,331
29,naked,21.24,11.496,14.744,4.248,254.88,123.72,11.6928,6.872,4.248,0,0.778632,0.090119,1.569855,0.008879,0.04343,6.553134,9.174387,0.019895,12,14,22.9488,1,0,0,0.0,0,0,0,0,3.477492,1,1,0,0,1,8,0,3.477492,288.134574,402.570675,0,0,341
29,low,27.612,17.868,21.116,4.248,301.608,155.58,19.3392,8.7836,6.1596,2.124,0.83458,0.118663,1.605865,0.013879,0.067069,6.861889,9.606644,0.034874,12,14,24.2232,2,0,0,0.0,0,0,0,0,7.410348,1,1,0,0,1,8,0,14.820695,354.128366,767.592789,0,0,341
29,standard,46.728,24.24,31.736,4.248,356.832,208.68,66.0672,31.5104,9.7704,6.372,0.877131,0.140373,1.654123,0.021096,0.100195,7.062045,9.886862,0.04676,12,14,26.3472,2,1,0,0.0,0,0,0,0,15.459087,1,1,0,0,1,8,0,55.652712,579.746222,1559.934731,12,23,341
29,high,66.866667,34.4352,45.3296,4.248,437.890133,276.648,109.56672,51.1456,14.163147,5.0976,1.112913,0.166034,1.700986,0.028739,0.134064,7.268015,10.175221,0.061396,12,14,29.06592,4,2,2,1.0,0,0,0,0,23.930357,1,1,0,0,1,8,0,172.298572,877.023817,2678.386319,12,23,341
30,naked,22.11,11.844,15.266,4.422,265.32,126.33,12.3192,7.133,4.422,0,0.779431,0.090526,1.573051,0.00931,0.045492,6.557965,9.181151,0.020104,12,14,23.0532,1,0,0,0.0,0,0,0,0,3.62544,1,1,0,0,1,8,0,3.62544,300.031787,417.807555,0,0,351
30,low,28.743,18.477,21.899,4.422,313.962,159.495,20.2788,9.1229,6.4119,2.211,0.835176,0.118967,1.609878,0.014456,0.069759,6.86488,9.610833,0.035037,12,14,24.3798,2,0,0,0.0,0,0,0,0,7.724153,1,1,0,0,1,8,0,15.448305,368.718925,796.514547,0,0,351
30,standard,48.642,25.11,32.954,4.422,371.448,214.77,68.9208,32.7806,10.1706,6.633,0.877593,0.140608,1.658913,0.021847,0.103577,7.064077,9.889708,0.046891,12,14,26.5908,2,1,0,0.0,0,0,0,0,16.112978,1,1,0,0,1,8,0,58.006719,603.593059,1618.608141,12,23,351
30,high,69.605556,35.7228,47.1044,4.422,455.826311,285.522,114.20208,53.220067,14.743276,5.3064,1.113303,0.1662,1.706183,0.029629,0.137929,7.269254,10.176956,0.061492,12,14,29.42088,4,2,2,1.0,0,0,0,0,24.941176,1,1,0,0,1,8,0,179.576469,913.051333,2778.95947,12,23,351
31,naked,23.0,12.2,15.8,4.6,276.0,129.0,12.96,7.4,4.6,0,0.780182,0.090909,1.576271,0.009747,0.047577,6.5625,9.1875,0.020301,12,14,23.16,1,0,0,0.0,0,0,0,0,3.776849,1,1,0,0,1,8,0,3.776849,312.202435,433.334629,0,0,360
31,low,29.9,19.1,22.7,4.6,326.6,163.5,21.24,9.47,6.67,2.3,0.835737,0.119253,1.6139,0.015038,0.072467,6.867692,9.614769,0.035191,12,14,24.54,2,0,0,0.0,0,0,0,0,8.045379,1,1,0,0,1,8,0,16.090758,383.644835,825.992268,0,0,360
31,standard,50.6,26.0,34.2,4.6,386.4,221.0,71.84,34.08,10.58,6.9,0.878028,0.14083,1.663677,0.022601,0.10696,7.06599,9.892386,0.047015,12,14,26.84,2,1,0,0.0,0,0,0,0,16.782432,1,1,0,0,1,8,0,60.416756,627.988035,1678.415474,12,23,360
31,high,72.407407,37.04,48.92,4.6,474.174815,294.6,118.944,55.342222,15.336741,5.52,1.113671,0.166357,1.711316,0.030517,0.141769,7.27042,10.178588,0.061584,12,14,29.784,4,2,2,1.0,0,0,0,0,25.976119,1,1,0,0,1,8,0,187.028058,949.907002,2881.481127,12,23,360
32,naked,23.91,12.564,16.346,4.782,286.92,131.73,13.6152,7.673,4.782,0,0.78089,0.09127,1.579514,0.01019,0.049684,6.566762,9.193466,0.020486,12,14,23.2692,1,0,0,0.0,0,0,0,0,3.931725,1,1,0,0,1,8,0,3.931725,324.646519,449.150695,0,0,370
32,low,31.083,19.737,23.519,4.782,339.522,167.595,22.2228,9.8249,6.9339,2.391,0.836266,0.119523,1.617927,0.015625,0.07519,6.870338,9.618473,0.035337,12,14,24.7038,2,0,0,0.0,0,0,0,0,8.374036,1,1,0,0,1,8,0,16.748071,398.906097,856.023604,0,0,370
32,standard,52.602,26.91,35.474,4.782,401.688,227.37,74.8248,35.4086,10.9986,7.173,0.878438,0.14104,1.668413,0.023356,0.110339,7.067791,9.894907,0.047132,12,14,27.0948,2,1,0,0.0,0,0,0,0,17.467466,1,1,0,0,1,8,0,62.882876,652.931151,1739.351662,12,23,370
32,high,75.272222,38.3868,50.7764,4.782,492.935644,303.882,123.79248,57.512067,15.943542,5.7384,1.114018,0.166504,1.716383,0.031402,0.14558,7.27152,10.180128,0.06167,12,14,30.15528,4,2,2,1.0,0,0,0,0,27.035201,1,1,0,0,1,8,0,194.653444,987.590828,2985.941956,12,23,370
33,naked,24.84,12.936,16.904,4.968,298.08,134.52,14.2848,7.952,4.968,0,0.781557,0.091611,1.582777,0.010638,0.051811,6.570771,9.199079,0.020661,12,14,23.3808,1,0,0,0.0,0,0,0,0,4.090071,1,1,0,0,1,8,0,4.090071,337.364044,465.254578,0,0,380
33,low,32.292,20.388,24.356,4.968,352.728,171.78,23.2272,10.1876,7.2036,2.484,0.836765,0.119778,1.621957,0.016217,0.077926,6.87283,9.621963,0.035474,12,14,24.8712,2,0,0,0.0,0,0,0,0,8.710132,1,1,0,0,1,8,0,17.420264,414.502716,886.606262,0,0,380
33,standard,54.648,27.84,36.776,4.968,417.312,233.88,77.8752,36.7664,11.4264,7.452,0.878825,0.141237,1.673117,0.024114,0.113713,7.069489,9.897284,0.047242,12,14,27.3552,2,1,0,0.0,0,0,0,0,18.168092,1,1,0,0,1,8,0,65.405131,678.422412,1801.411748,12,23,380
33,high,78.2,39.7632,52.6736,4.968,512.1088,313.368,128.74752,59.7296,16.56368,5.9616,1.114346,0.166644,1.72138,0.032283,0.149361,7.272557,10.18158,0.061751,12,14,30.53472,4,2,2,1.0,0,0,0,0,28.118433,1,1,0,0,1,8,0,202.452715,1026.102814,3092.332815,12,23,380
34,naked,25.79,13.316,17.474,5.158,309.48,137.37,14.9688,8.237,5.158,0,0.782187,0.091932,1.586058,0.011091,0.053957,6.574547,9.204366,0.020826,12,14,23.4948,1,0,0,0.0,0,0,0,0,4.251892,1,1,0,0,1,8,0,4.251892,350.355011,481.645134,0,0,390
34,low,33.527,21.053,25.211,5.158,366.218,176.055,24.2532,10.5581,7.4791,2.579,0.837236,0.120018,1.625986,0.016813,0.080674,6.875181,9.625253,0.035603,12,14,25.0422,2,0,0,0.0,0,0,0,0,9.053676,1,1,0,0,1,8,0,18.107351,430.434693,917.738004,0,0,390
34,standard,56.738,28.79,38.106,5.158,433.272,240.53,80.9912,38.1534,11.8634,7.737,0.879191,0.141424,1.677787,0.024872,0.11708,7.071091,9.899527,0.047346,12,14,27.6212,2,1,0,0.0,0,0,0,0,18.884325,1,1,0,0,1,8,0,67.983569,704.461819,1864.590872,12,23,390
34,high,81.190741,41.1692,54.6116,5.158,531.694281,323.058,133.80912,61.994822,17.197154,6.1896,1.114656,0.166775,1.726306,0.03316,0.153109,7.273536,10.182951,0.061828,12,14,30.92232,4,2,2,1.0,0,0,0,0,29.225826,1,1,0,0,1,8,0,210.425951,1065.442962,3200.644752,12,23,390
35,naked,26.76,13.704,18.056,5.352,321.12,140.28,15.6672,8.528,5.352,0,0.782783,0.092236,1.589356,0.011548,0.056121,6.578108,9.209352,0.020982,12,14,23.6112,1,0,0,0.0,0,0,0,0,4.417191,1,1,0,0,1,8,0,4.417191,363.619424,498.321247,0,0,400
35,low,34.788,21.732,26.084,5.352,379.992,180.42,25.3008,10.9364,7.7604,2.676,0.837682,0.120246,1.630013,0.017413,0.083432,6.877399,9.628359,0.035726,12,14,25.2168,2,0,0,0.0,0,0,0,0,9.404675,1,1,0,0,1,8,0,18.809351,446.702032,949.416641,0,0,400
35,standard,58.872,29.76,39.464,5.352,449.568,247.32,84.1728,39.5696,12.3096,8.028,0.879537,0.141601,1.682419,0.025631,0.120436,7.072604,9.901646,0.047445,12,14,27.8928,2,1,0,0.0,0,0,0,0,19.616176,1,1,0,0,1,8,0,70.618232,731.049376,1928.884275,12,23,400
35,high,84.244444,42.6048,56.5904,5.352,551.692089,332.952,138.97728,64.307733,17.843964,6.4224,1.114949,0.1669,1.73116,0.034033,0.156821,7.274462,10.184247,0.061901,12,14,31.31808,4,2,2,1.0,0,0,0,0,30.357391,1,1,0,0,1,8,0,218.573217,1105.611275,3310.868993,12,23,400
36,naked,27.75,14.1,18.65,5.55,333.0,143.25,16.38,8.825,5.55,0,0.783346,0.092523,1.592668,0.012011,0.058302,6.58147,9.214058,0.02113,12,14,23.73,1,0,0,0.0,0,0,0,0,4.585971,1,1,0,0,1,8,0,4.585971,377.157284,515.281825,0,0,410
36,low,36.075,22.425,26.975,5.55,394.05,184.875,26.37,11.3225,8.0475,2.775,0.838104,0.120461,1.634035,0.018016,0.086198,6.879495,9.631293,0.035842,12,14,25.395,2,0,0,0.0,0,0,0,0,9.763138,1,1,0,0,1,8,0,19.526277,463.304734,981.640028,0,0,410
36,standard,61.05,30.75,40.85,5.55,466.2,254.25,87.42,41.015,12.765,8.325,0.879865,0.141768,1.687011,0.026389,0.123781,7.074035,9.90365,0.047538,12,14,28.17,2,1,0,0.0,0,0,0,0,20.363656,1,1,0,0,1,8,0,73.309162,758.185084,1994.287287,12,23,410
36,high,87.361111,44.07,58.61,5.55,572.102222,343.05,144.252,66.668333,18.504111,6.66,1.115227,0.167018,1.735939,0.0349,0.160497,7.275339,10.185474,0.06197,12,14,31.722,4,2,2,1.0,0,0,0,0,31.513135,1,1,0,0,1,8,0,226.894571,1146.607754,3422.996942,12,23,410
37,naked,28.76,14.504,19.256,5.752,345.12,146.28,17.1072,9.128,5.752,0,0.783879,0.092795,1.595992,0.012477,0.060499,6.584646,9.218504,0.02127,12,14,23.8512,1,0,0,0.0,0,0,0,0,4.758236,1,1,0,0,1,8,0,4.758236,390.968593,532.525803,0,0,420
37,low,37.388,23.132,27.884,5.752,408.392,189.42,27.4608,11.7164,8.3404,2.876,0.838503,0.120665,1.638048,0.018622,0.08897,6.881478,9.634069,0.035951,12,14,25.5768,2,0,0,0.0,0,0,0,0,10.129072,1,1,0,0,1,8,0,20.258144,480.242801,1014.406067,0,0,420
37,standard,63.272,31.76,42.264,5.752,483.168,261.32,90.7328,42.4896,13.2296,8.628,0.880175,0.141926,1.691561,0.027148,0.127111,7.07539,9.905546,0.047627,12,14,28.4528,2,1,0,0.0,0,0,0,0,21.126776,1,1,0,0,1,8,0,76.056395,785.868945,2060.795328,12,23,420
37,high,90.540741,45.5648,60.6704,5.752,592.924681,353.352,149.63328,69.076622,19.177594,6.9024,1.11549,0.16713,1.740642,0.035762,0.164134,7.276168,10.186636,0.062035,12,14,32,4,2,2,1.0,0,0,0,0,32.693064,1,1,0,0,1,8,0,235.390061,1188.432403,3537.020168,12,23,420
38,naked,29.79,14.916,19.874,5.958,357.48,149.37,17.8488,9.437,5.958,0,0.784384,0.093053,1.599327,0.012948,0.062711,6.58765,9.222709,0.021403,12,14,23.9748,1,0,0,0.0,0,0,0,0,4.933991,1,1,0,0,1,8,0,4.933991,405.053354,550.052139,0,0,430
38,low,38.727,23.853,28.811,5.958,423.018,194.055,28.5732,12.1181,8.6391,2.979,0.838881,0.120858,1.642052,0.019232,0.091748,6.883355,9.636697,0.036056,12,14,25.7622,2,0,0,0.0,0,0,0,0,10.502484,1,1,0,0,1,8,0,21.004967,497.516236,1047.712703,0,0,430
38,standard,65.538,32.79,43.706,5.958,500.472,268.53,94.1112,43.9934,13.7034,8.937,0.880469,0.142076,1.696067,0.027905,0.130426,7.076673,9.907342,0.047711,12,14,28.7412,2,1,0,0.0,0,0,0,0,21.905546,1,1,0,0,1,8,0,78.859965,814.100962,2128.403904,12,23,430
38,high,93.783333,47.0892,62.7716,5.958,614.159467,363.858,155.12112,71.5326,19.864413,7.1496,1.115739,0.167236,1.74527,0.036617,0.167732,7.276955,10.187737,0.062097,12,14,32,4,2,2,1.0,0,0,0,0,33.897184,1,1,0,0,1,8,0,244.059723,1231.085223,3652.930409,12,23,430
39,naked,30.84,15.336,20.504,6.168,370.08,152.52,18.6048,9.752,6.168,0,0.784863,0.093298,1.60267,0.013423,0.064936,6.590494,9.226691,0.021529,12,14,24.1008,1,0,0,0.0,0,0,0,0,5.113237,1,1,0,0,1,8,0,5.113237,419.411569,567.859813,0,0,440
39,low,40.092,24.588,29.756,6.168,437.928,198.78,29.7072,12.5276,8.9436,3.084,0.83924,0.121041,1.646043,0.019844,0.094528,6.885133,9.639187,0.036154,12,14,25.9512,2,0,0,0.0,0,0,0,0,10.883379,1,1,0,0,1,8,0,21.766758,515.125041,1081.557919,0,0,440
39,standard,67.848,33.84,45.176,6.168,518.112,275.88,97.5552,45.5264,14.1864,9.252,0.880748,0.142218,1.700527,0.028661,0.133724,7.077889,9.909045,0.047791,12,14,29.0352,2,1,0,0.0,0,0,0,0,22.699973,1,1,0,0,1,8,0,81.719901,842.881137,2197.108601,12,23,440
39,high,97.088889,48.6432,64.9136,6.168,635.806578,374.568,160.71552,74.036267,20.564569,7.4016,1.115976,0.167337,1.74982,0.037466,0.171287,7.277701,10.188781,0.062156,12,14,32,4,2,2,1.0,0,0,0,0,35.125499,1,1,0,0,1,8,0,252.903589,1274.566216,3770.719561,12,23,440
40,naked,31.91,15.764,21.146,6.382,382.92,155.73,19.3752,10.073,6.382,0,0.785318,0.09353,1.60602,0.013901,0.067173,6.593189,9.230464,0.021648,12,14,24.2292,1,0,0,0.0,0,0,0,0,5.295978,1,1,0,0,1,8,0,5.295978,434.043238,585.947828,0,0,450
40,low,41.483,25.337,30.719,6.382,453.122,203.595,30.8628,12.9449,9.2539,3.191,0.839581,0.121215,1.650019,0.020458,0.097311,6.88682,9.641548,0.036248,12,14,26.1438,2,0,0,0.0,0,0,0,0,11.271765,1,1,0,0,1,8,0,22.54353,533.069216,1115.939737,0,0,450
40,standard,70.202,34.91,46.674,6.382,536.088,283.37,101.0648,47.0886,14.6786,9.573,0.881013,0.142354,1.704939,0.029415,0.137002,7.079043,9.910661,0.047866,12,14,29.3348,2,1,0,0.0,0,0,0,0,23.510065,1,1,0,0,1,8,0,84.636232,872.20947,2266.905086,12,23,450
40,high,100.457407,50.2268,67.0964,6.382,657.866015,385.482,166.41648,76.587622,21.278061,7.6584,1.116201,0.167432,1.754293,0.038308,0.174801,7.278409,10.189773,0.062212,12,14,32,4,2,2,1.0,0,0,0,0,36.378011,1,1,0,0,1,8,0,261.921681,1318.875384,3890.379675,12,23,450
41,naked,33.0,16.2,21.8,6.6,396.0,159.0,20.16,10.4,6.6,0,0.78575,0.09375,1.609375,0.014384,0.069421,6.595745,9.234043,0.021762,12,14,24.36,1,0,0,0.0,0,0,0,0,5.482218,1,1,0,0,1,8,0,5.482218,448.948364,604.315204,0,0,460
41,low,42.9,26.1,31.7,6.6,468.6,208.5,32.04,13.37,9.57,3.3,0.839905,0.12138,1.653979,0.021073,0.100094,6.888421,9.643789,0.036338,12,14,26.34,2,0,0,0.0,0,0,0,0,11.667647,1,1,0,0,1,8,0,23.335294,551.348764,1150.856214,0,0,460
41,standard,72.6,36.0,48.2,6.6,554.4,291.0,104.64,48.68,15.18,9.9,0.881265,0.142482,1.709302,0.030168,0.14026,7.080139,9.912195,0.047938,12,14,29.64,2,1,0,0.0,0,0,0,0,24.335829,1,1,0,0,1,8,0,87.608983,902.085964,2337.7891,12,23,460
41,high,103.888889,51.84,69.32,6.6,680.337778,396.6,172.224,79.186667,22.004889,7.92,1.116414,0.167523,1.758687,0.039143,0.178271,7.279082,10.190715,0.062265,12,14,32,4,2,2,1.0,0,0,0,0,37.654724,1,1,0,0,1,8,0,271.114014,1364.012727,4011.902954,12,23,460
42,naked,34.11,16.644,22.466,6.822,409.32,162.33,20.9592,10.733,6.822,0,0.786161,0.09396,1.612733,0.014869,0.07168,6.598171,9.23744,0.02187,12,14,24.4932,1,0,0,0.0,0,0,0,0,5.671958,1,1,0,0,1,8,0,5.671958,464.126947,622.960986,0,0,470
42,low,44.343,26.877,32.699,6.822,484.362,213.495,33.2388,13.8029,9.8919,3.411,0.840213,0.121537,1.657921,0.021691,0.102876,6.889942,9.645919,0.036422,12,14,26.5398,2,0,0,0.0,0,0,0,0,12.071031,1,1,0,0,1,8,0,24.142062,569.963685,1186.305445,0,0,470
42,standard,75.042,37.11,49.754,6.822,573.048,298.77,108.2808,50.3006,15.6906,10.233,0.881505,0.142604,1.713615,0.030917,0.143495,7.081181,9.913654,0.048007,12,14,29.9508,2,1,0,0.0,0,0,0,0,25.177271,1,1,0,0,1,8,0,90.638175,932.510619,2409.75646,12,23,470
42,high,107.383333,53.4828,71.5844,6.822,703.221867,407.922,178.13808,81.8334,22.745053,8.1864,1.116618,0.16761,1.763004,0.03997,0.181696,7.279723,10.191612,0.062316,12,14,32,4,2,2,1.0,0,0,0,0,38.955638,1,1,0,0,1,8,0,280.480596,1409.978248,4135.28175,12,23,470
43,naked,35.24,17.096,23.144,7.048,422.88,165.72,21.7728,11.072,7.048,0,0.786551,0.094159,1.616093,0.015358,0.073948,6.600477,9.240667,0.021972,12,14,24.6288,1,0,0,0.0,0,0,0,0,5.865203,1,1,0,0,1,8,0,5.865203,479.57899,641.884233,0,0,480
43,low,45.812,27.668,33.716,7.048,500.408,218.58,34.4592,14.2436,10.2196,3.524,0.840507,0.121687,1.661842,0.02231,0.105655,6.891388,9.647943,0.036503,12,14,26.7432,2,0,0,0.0,0,0,0,0,12.481922,1,1,0,0,1,8,0,24.963844,588.913982,1222.285555,0,0,480
43,standard,77.528,38.24,51.336,7.048,592.032,306.68,111.9872,51.9504,16.2104,10.572,0.881733,0.142721,1.717875,0.031664,0.146707,7.082172,9.915041,0.048072,12,14,30.2672,2,1,0,0.0,0,0,0,0,26.034397,1,1,0,0,1,8,0,93.723828,963.483438,2482.803051,12,23,480
43,high,110.940741,55.1552,73.8896,7.048,726.518281,419.448,184.15872,84.527822,23.498554,8.4576,1.116811,0.167692,1.767243,0.04079,0.185076,7.280332,10.192464,0.062364,12,14,32,4,2,2,1.0,0,0,0,0,40.280754,1,1,0,0,1,8,0,290.021431,1456.771948,4260.508557,12,23,480
44,naked,36.39,17.556,23.834,7.278,436.68,169.17,22.6008,11.417,7.278,0,0.786923,0.094349,1.619454,0.015849,0.076225,6.602669,9.243736,0.02207,12,14,24.7668,1,0,0,0.0,0,0,0,0,6.061954,1,1,0,0,1,8,0,6.061954,495.304494,661.084023,0,0,490
44,low,47.307,28.473,34.751,7.278,516.738,223.755,35.7012,14.6921,10.5531,3.639,0.840786,0.121829,1.665742,0.022929,0.108431,6.892764,9.64987,0.03658,12,14,26.9502,2,0,0,0.0,0,0,0,0,12.900325,1,1,0,0,1,8,0,25.80065,608.199656,1258.794701,0,0,490
44,standard,80.058,39.39,52.946,7.278,611.352,314.73,115.7592,53.6294,16.7394,10.917,0.88195,0.142832,1.722083,0.032408,0.149894,7.083115,9.916362,0.048134,12,14,30.5892,2,1,0,0.0,0,0,0,0,26.907211,1,1,0,0,1,8,0,96.865959,995.004422,2556.924831,12,23,490
44,high,114.561111,56.8572,76.2356,7.278,750.227022,431.178,190.28592,87.269933,24.265391,8.7336,1.116996,0.16777,1.771403,0.041601,0.18841,7.280912,10.193276,0.06241,12,14,32,4,2,2,1.0,0,0,0,0,41.630072,1,1,0,0,1,8,0,299.736517,1504.393828,4387.576012,12,23,490
45,naked,37.56,18.024,24.536,7.512,450.72,172.68,23.4432,11.768,7.512,0,0.787278,0.09453,1.622812,0.016343,0.078508,6.604755,9.246657,0.022164,12,14,24.9072,1,0,0,0.0,0,0,0,0,6.262215,1,1,0,0,1,8,0,6.262215,511.303459,680.559452,0,0,500
45,low,48.828,29.292,35.804,7.512,533.352,229.02,36.9648,15.1484,10.8924,3.756,0.841052,0.121965,1.669618,0.02355,0.111202,6.894074,9.651704,0.036654,12,14,27.1608,2,0,0,0.0,0,0,0,0,13.326244,1,1,0,0,1,8,0,26.652488,627.820707,1295.831073,0,0,500
45,standard,82.632,40.56,54.584,7.512,631.008,322.92,119.5968,55.3376,17.2776,11.268,0.882157,0.142937,1.726237,0.033148,0.153056,7.084014,9.91762,0.048193,12,14,30.9168,2,1,0,0.0,0,0,0,0,27.795718,1,1,0,0,1,8,0,100.064584,1027.073571,2632.117823,12,23,500
45,high,118.244444,58.5888,78.6224,7.512,774.348089,443.112,196.51968,90.059733,25.045564,9.0144,1.117172,0.167845,1.775487,0.042404,0.191697,7.281465,10.19405,0.062454,12,14,32,4,2,2,1.0,0,0,0,0,43.00359,1,1,0,0,1,8,0,309.625845,1552.84389,4516.476886,12,23,500
46,naked,38.75,18.5,25.25,7.75,465.0,176.25,24.3,12.125,7.75,0,0.787616,0.094702,1.626168,0.01684,0.080798,6.606742,9.249438,0.022253,12,14,25.05,1,0,0,0.0,0,0,0,0,6.465988,1,1,0,0,1,8,0,6.465988,527.575887,700.309631,0,0,510
46,low,50.375,30.125,36.875,7.75,550.25,234.375,38.25,15.6125,11.2375,3.875,0.841306,0.122095,1.673469,0.024171,0.113966,6.895323,9.653452,0.036724,12,14,27.375,2,0,0,0.0,0,0,0,0,13.759684,1,1,0,0,1,8,0,27.519369,647.777137,1333.392887,0,0,510
46,standard,85.25,41.75,56.25,7.75,651.0,331.25,123.5,57.075,17.825,11.625,0.882354,0.143038,1.730337,0.033884,0.15619,7.084871,9.918819,0.048249,12,14,31.25,2,1,0,0.0,0,0,0,0,28.699921,1,1,0,0,1,8,0,103.319714,1059.690887,2708.378117,12,23,510
46,high,121.990741,60.35,81.05,7.75,798.881481,455.25,202.86,92.897222,25.839074,9.3,1.11734,0.167916,1.779493,0.043198,0.194938,7.281992,10.194789,0.062495,12,14,32,4,2,2,1.0,0,0,0,0,44.401306,1,1,0,0,1,8,0,319.689405,1602.122133,4647.204087,12,23,510
47,naked,39.96,18.984,25.976,7.992,479.52,179.88,25.1712,12.488,7.992,0,0.787938,0.094867,1.62952,0.017339,0.083093,6.608635,9.252089,0.022338,12,14,25.1952,1,0,0,0.0,0,0,0,0,6.673275,1,1,0,0,1,8,0,6.673275,544.121779,720.333689,0,0,520
47,low,51.948,30.972,37.964,7.992,567.432,239.82,39.5568,16.0844,11.5884,3.996,0.841548,0.122218,1.677294,0.024792,0.116724,6.896514,9.655119,0.03679,12,14,27.5928,2,0,0,0.0,0,0,0,0,14.200649,1,1,0,0,1,8,0,28.401299,668.068947,1371.478391,0,0,520
47,standard,87.912,42.96,57.944,7.992,671.328,339.72,127.4688,58.8416,18.3816,11.988,0.882543,0.143134,1.734382,0.034617,0.159297,7.085688,9.919963,0.048303,12,14,31.5888,2,1,0,0.0,0,0,0,0,29.619823,1,1,0,0,1,8,0,106.631362,1092.856371,2785.701866,12,23,520
47,high,125.8,62.1408,83.5184,7.992,823.8272,467.592,209.30688,95.7824,26.64592,9.5904,1.1175,0.167985,1.783422,0.043983,0.198131,7.282495,10.195493,0.062535,12,14,32,4,2,2,1.0,0,0,0,0,45.823219,1,1,0,0,1,8,0,329.927179,1652.22856,4779.750652,12,23,520
48,naked,41.19,19.476,26.714,8.238,494.28,183.57,26.0568,12.857,8.238,0,0.788246,0.095024,1.632866,0.01784,0.085392,6.610441,9.254618,0.022419,12,14,25.3428,1,0,0,0.0,0,0,0,0,6.884079,1,1,0,0,1,8,0,6.884079,560.941135,740.630765,0,0,530
48,low,53.547,31.833,39.071,8.238,584.898,245.355,40.8852,16.5641,11.9451,4.119,0.841779,0.122336,1.681092,0.025413,0.119473,6.89765,9.65671,0.036854,12,14,27.8142,2,0,0,0.0,0,0,0,0,14.649143,1,1,0,0,1,8,0,29.298286,688.696137,1410.085857,0,0,530
48,standard,90.618,44.19,59.666,8.238,691.992,348.33,131.5032,60.6374,18.9474,12.357,0.882723,0.143226,1.738371,0.035345,0.162375,7.086468,9.921056,0.048355,12,14,31.9332,2,1,0,0.0,0,0,0,0,30.555427,1,1,0,0,1,8,0,109.999536,1126.570023,2864.085285,12,23,530
48,high,129.672222,63.9612,86.0276,8.238,849.185244,480.138,215.86032,98.715267,27.466102,9.8856,1.117653,0.16805,1.787276,0.04476,0.201276,7.282976,10.196166,0.062573,12,14,32,4,2,2,1.0,0,0,0,0,47.269326,1,1,0,0,1,8,0,340.339149,1703.163171,4914.109748,12,23,530
49,naked,42.44,19.976,27.464,8.488,509.28,187.32,26.9568,13.232,8.488,0,0.788541,0.095174,1.636205,0.018343,0.087695,6.612165,9.257031,0.022496,12,14,25.4928,1,0,0,0.0,0,0,0,0,7.098401,1,1,0,0,1,8,0,7.098401,578.033957,761.200019,0,0,540
49,low,55.172,32.708,40.196,8.488,602.648,250.98,42.2352,17.0516,12.3076,4.244,0.842,0.122449,1.684861,0.026033,0.122213,6.898735,9.658229,0.036915,12,14,28.0392,2,0,0,0.0,0,0,0,0,15.105168,1,1,0,0,1,8,0,30.210337,709.658709,1449.213585,0,0,540
49,standard,93.368,45.44,61.416,8.488,712.992,357.08,135.6032,62.4624,19.5224,12.732,0.882895,0.143314,1.742303,0.036068,0.165423,7.087214,9.922099,0.048404,12,14,32,2,1,0,0.0,0,0,0,0,31.506734,1,1,0,0,1,8,0,113.424244,1160.831845,2943.524652,12,23,540
49,high,133.607407,65.8112,88.5776,8.488,874.955615,492.888,222.52032,101.695822,28.299621,10.1856,1.117799,0.168112,1.791054,0.045527,0.204374,7.283435,10.196809,0.06261,12,14,32,4,2,2,1.0,0,0,0,0,48.739624,1,1,0,0,1,8,0,350.925292,1754.925968,5050.274665,12,23,540
50,naked,43.71,20.484,28.226,8.742,524.52,191.13,27.8712,13.613,8.742,0,0.788822,0.095317,1.639536,0.018848,0.090001,6.613811,9.259336,0.022571,12,14,25.6452,1,0,0,0.0,0,0,0,0,7.316245,1,1,0,0,1,8,0,7.316245,595.400245,782.040618,0,0,550
50,low,56.823,33.597,41.339,8.742,620.682,256.695,43.6068,17.5469,12.6759,4.371,0.842212,0.122557,1.6886,0.026653,0.124942,6.899772,9.659681,0.036973,12,14,28.2678,2,0,0,0.0,0,0,0,0,15.568729,1,1,0,0,1,8,0,31.137458,730.956663,1488.8599,0,0,550
50,standard,96.162,46.71,63.194,8.742,734.328,365.97,139.7688,64.3166,20.1066,13.113,0.88306,0.143398,1.74618,0.036786,0.168441,7.087926,9.923097,0.048451,12,14,32,2,1,0,0.0,0,0,0,0,32.473747,1,1,0,0,1,8,0,116.90549,1195.641837,3024.016302,12,23,550
50,high,137.605556,67.6908,91.1684,8.742,901.138311,505.842,229.28688,104.724067,29.146476,10.4904,1.117939,0.168171,1.794757,0.046285,0.207424,7.283874,10.197424,0.062645,12,14,32,4,2,2,1.0,0,0,0,0,50.234108,1,1,0,0,1,8,0,361.685581,1807.51695,5188.238816,12,23,550
51,naked,45.0,21.0,29.0,9.0,540.0,195.0,28.8,14.0,9.0,0,0.789091,0.095455,1.642857,0.019355,0.092308,6.615385,9.261538,0.022642,12,14,25.8,1,0,0,0.0,0,0,0,0,7.537612,1,1,0,0,1,8,0,7.537612,613.04,803.151747,0,0,560
51,low,58.5,34.5,42.5,9.0,639.0,262.5,45.0,18.05,13.05,4.5,0.842414,0.12266,1.692308,0.027273,0.12766,6.900763,9.661069,0.037029,12,14,28.5,2,0,0,0.0,0,0,0,0,16.039828,1,1,0,0,1,8,0,32.079657,752.59,1529.023152,0,0,560
51,standard,99.0,48.0,65.0,9.0,756.0,375.0,144.0,66.2,20.7,13.5,0.883217,0.143478,1.75,0.0375,0.171429,7.088608,9.924051,0.048496,12,14,32,2,1,0,0.0,0,0,0,0,33.456467,1,1,0,0,1,8,0,120.44328,1231.0,3105.556629,12,23,560
51,high,141.666667,69.6,93.8,9.0,927.733333,519.0,236.16,107.8,30.006667,10.8,1.118073,0.168228,1.798387,0.047034,0.210427,7.284294,10.198012,0.062678,12,14,32,4,2,2,1.0,0,0,0,0,51.752776,1,1,0,0,1,8,0,372.619989,1860.936119,5327.995734,12,23,560
52,naked,46.31,21.524,29.786,9.262,555.72,198.93,29.7432,14.393,9.262,0,0.789348,0.095586,1.646168,0.019863,0.094616,6.616889,9.263645,0.022709,12,14,25.9572,1,0,0,0.0,0,0,0,0,7.762503,1,1,0,0,1,8,0,7.762503,630.953223,824.532602,0,0,570
52,low,60.203,35.417,43.679,9.262,657.602,268.395,46.4148,18.5609,13.4299,4.631,0.842607,0.122759,1.695984,0.027891,0.130365,6.901712,9.662397,0.037083,12,14,28.7358,2,0,0,0.0,0,0,0,0,16.518469,1,1,0,0,1,8,0,33.036937,774.558721,1569.701714,0,0,570
52,standard,101.882,49.31,66.834,9.262,778.008,384.17,148.2968,68.1126,21.3026,13.893,0.883368,0.143555,1.753763,0.038208,0.174384,7.08926,9.924964,0.048539,12,14,32,2,1,0,0.0,0,0,0,0,34.454893,1,1,0,0,1,8,0,124.037617,1266.906335,3188.142085,12,23,570
52,high,145.790741,71.5388,96.4724,9.262,954.740681,532.362,243.13968,110.923622,30.880194,11.1144,1.118202,0.168283,1.801944,0.047773,0.213381,7.284697,10.198575,0.06271,12,14,32,4,2,2,1.0,0,0,0,0,53.295623,1,1,0,0,1,8,0,383.728485,1915.183475,5469.539066,12,23,570
53,naked,47.64,22.056,30.584,9.528,571.68,202.92,30.7008,14.792,9.528,0,0.789595,0.095712,1.649467,0.020372,0.096924,6.618329,9.265661,0.022775,12,14,26.1168,1,0,0,0.0,0,0,0,0,7.990922,1,1,0,0,1,8,0,7.990922,649.139914,846.18239,0,0,581
53,low,61.932,36.348,44.876,9.528,676.488,274.38,47.8512,19.0796,13.8156,4.764,0.842793,0.122854,1.699628,0.028508,0.133057,6.90262,9.663668,0.037134,12,14,28.9752,2,0,0,0.0,0,0,0,0,17.004652,1,1,0,0,1,8,0,34.009304,796.862826,1610.893983,0,0,581
53,standard,104.808,50.64,68.696,9.528,800.352,393.48,152.6592,70.0544,21.9144,14.292,0.883513,0.143629,1.75747,0.038911,0.177308,7.089884,9.925838,0.048581,12,14,32,2,1,0,0.0,0,0,0,0,35.469028,1,1,0,0,1,8,0,127.6885,1303.360842,3271.769175,12,23,581
53,high,149.977778,73.5072,99.1856,9.528,982.160356,545.928,250.22592,114.094933,31.767058,11.4336,1.118324,0.168335,1.805429,0.048503,0.216288,7.285082,10.199115,0.06274,12,14,32,4,2,2,1.0,0,0,0,0,54.862644,1,1,0,0,1,8,0,395.011037,1970.259019,5612.862577,12,23,581
54,naked,48.99,22.596,31.394,9.798,587.88,206.97,31.6728,15.197,9.798,0,0.789832,0.095832,1.652754,0.020882,0.099231,6.619708,9.267592,0.022837,12,14,26.2788,1,0,0,0.0,0,0,0,0,8.222869,1,1,0,0,1,8,0,8.222869,667.600074,868.100333,0,0,591
54,low,63.687,37.293,46.091,9.798,695.658,280.455,49.3092,19.6061,14.2071,4.899,0.842971,0.122944,1.703238,0.029124,0.135736,6.90349,9.664886,0.037183,12,14,29.2182,2,0,0,0.0,0,0,0,0,17.498382,1,1,0,0,1,8,0,34.996763,819.502316,1652.598379,0,0,591
54,standard,107.778,51.99,70.586,9.798,823.032,402.93,157.0872,72.0254,22.5354,14.697,0.883651,0.1437,1.76112,0.039608,0.180199,7.090483,9.926676,0.04862,12,14,32,2,1,0,0.0,0,0,0,0,36.49887,1,1,0,0,1,8,0,131.395932,1340.363522,3356.434462,12,23,591
54,high,154.227778,75.5052,101.9396,9.798,1009.992356,559.698,257.41872,117.313933,32.667258,11.7576,1.118442,0.168385,1.808844,0.049223,0.219147,7.285451,10.199632,0.06277,12,14,32,4,2,2,1.0,0,0,0,0,56.453835,1,1,0,0,1,8,0,406.467609,2026.162752,5757.96014,12,23,591
55,naked,50.36,23.144,32.216,10.072,604.32,211.08,32.6592,15.608,10.072,0,0.790058,0.095948,1.656026,0.021394,0.101537,6.62103,9.269441,0.022897,12,14,26.4432,1,0,0,0.0,0,0,0,0,8.458347,1,1,0,0,1,8,0,8.458347,686.333704,890.285661,0,0,601
55,low,65.468,38.252,47.324,10.072,715.112,286.62,50.7888,20.1404,14.6044,5.036,0.843141,0.123031,1.706814,0.029738,0.1384,6.904324,9.666054,0.03723,12,14,29.4648,2,0,0,0.0,0,0,0,0,17.999659,1,1,0,0,1,8,0,35.999318,842.477192,1694.813343,0,0,601
55,standard,110.792,53.36,72.504,10.072,846.048,412.52,161.5808,74.0256,23.1656,15.108,0.883784,0.143767,1.764713,0.0403,0.183057,7.091057,9.927479,0.048658,12,14,32,2,1,0,0.0,0,0,0,0,37.54442,1,1,0,0,1,8,0,135.15991,1377.914376,3442.134558,12,23,601
55,high,158.540741,77.5328,104.7344,10.072,1038.236681,573.672,264.71808,120.580622,33.580794,12.0864,1.118555,0.168433,1.812188,0.049934,0.22196,7.285805,10.200128,0.062798,12,14,32,4,2,2,1.0,0,0,0,0,58.06919,1,1,0,0,1,8,0,418.098166,2082.894673,5904.825738,12,23,601
56,naked,51.75,23.7,33.05,10.35,621.0,215.25,33.66,16.025,10.35,0,0.790276,0.096059,1.659284,0.021906,0.103841,6.622296,9.271215,0.022954,12,14,26.61,1,0,0,0.0,0,0,0,0,8.697356,1,1,0,0,1,8,0,8.697356,705.340804,912.737618,0,0,611
56,low,67.275,39.225,48.575,10.35,734.85,292.875,52.29,20.6825,15.0075,5.175,0.843305,0.123115,1.710355,0.03035,0.141048,6.905124,9.667174,0.037275,12,14,29.715,2,0,0,0.0,0,0,0,0,18.508487,1,1,0,0,1,8,0,37.016973,865.787454,1737.537339,0,0,611
56,standard,113.85,54.75,74.45,10.35,869.4,422.25,166.14,76.055,23.805,15.525,0.883912,0.143833,1.76825,0.040986,0.185882,7.091607,9.92825,0.048695,12,14,32,2,1,0,0.0,0,0,0,0,38.605676,1,1,0,0,1,8,0,138.980434,1416.013404,3528.866132,12,23,611
56,high,162.916667,79.59,107.57,10.35,1066.893333,587.85,272.124,123.895,34.507667,12.42,1.118664,0.16848,1.815464,0.050634,0.224725,7.286145,10.200604,0.062825,12,14,32,4,2,2,1.0,0,0,0,0,59.708704,1,1,0,0,1,8,0,429.902671,2140.454785,6053.453461,12,23,611
57,naked,53.16,24.264,33.896,10.632,637.92,219.48,34.6752,16.448,10.632,0,0.790485,0.096166,1.662527,0.022418,0.106142,6.623511,9.272916,0.023009,12,14,26.7792,1,0,0,0.0,0,0,0,0,8.939899,1,1,0,0,1,8,0,8.939899,724.621375,935.455456,0,0,621
57,low,69.108,40.212,49.844,10.632,754.872,299.22,53.8128,21.2324,15.4164,5.316,0.843462,0.123195,1.713861,0.03096,0.14368,6.905891,9.668248,0.037319,12,14,29.9688,2,0,0,0.0,0,0,0,0,19.024865,1,1,0,0,1,8,0,38.049731,889.433103,1780.76885,0,0,621
57,standard,116.952,56.16,76.424,10.632,893.088,432.12,170.7648,78.1136,24.4536,15.948,0.884034,0.143895,1.771731,0.041665,0.188673,7.092136,9.92899,0.04873,12,14,32,2,1,0,0.0,0,0,0,0,39.682639,1,1,0,0,1,8,0,142.857499,1454.660607,3616.625902,12,23,621
57,high,167.355556,81.6768,110.4464,10.632,1095.962311,602.232,279.63648,127.257067,35.447876,12.7584,1.118768,0.168524,1.818672,0.051326,0.227443,7.286472,10.20106,0.062851,12,14,32,4,2,2,1.0,0,0,0,0,61.372373,1,1,0,0,1,8,0,441.881085,2198.843087,6203.837502,12,23,621
58,naked,54.59,24.836,34.754,10.918,655.08,223.77,35.7048,16.877,10.918,0,0.790685,0.096268,1.665753,0.022931,0.108439,6.624677,9.274548,0.023062,12,14,26.9508,1,0,0,0.0,0,0,0,0,9.185977,1,1,0,0,1,8,0,9.185977,744.175417,958.438438,0,0,632
58,low,70.967,41.213,51.131,10.918,775.178,305.655,55.3572,21.7901,15.8311,5.459,0.843613,0.123272,1.71733,0.031568,0.146296,6.906628,9.66928,0.03736,12,14,30.2262,2,0,0,0.0,0,0,0,0,19.548797,1,1,0,0,1,8,0,39.097595,913.414139,1824.506381,0,0,632
58,standard,120.098,57.59,78.426,10.918,917.112,442.13,175.4552,80.2014,25.1114,16.377,0.884152,0.143955,1.775156,0.042339,0.19143,7.092643,9.9297,0.048764,12,14,32,2,1,0,0.0,0,0,0,0,40.775306,1,1,0,0,1,8,0,146.791103,1493.855985,3705.410636,12,23,632
58,high,171.857407,83.7932,113.3636,10.918,1125.443615,616.818,287.25552,130.666822,36.401421,13.1016,1.118868,0.168566,1.821814,0.052007,0.230116,7.286785,10.201499,0.062876,12,14,32,4,2,2,1.0,0,0,0,0,63.06019,1,1,0,0,1,8,0,454.03337,2258.05958,6355.972157,12,23,632
59,naked,56.04,25.416,35.624,11.208,672.48,228.12,36.7488,17.312,11.208,0,0.790878,0.096366,1.668962,0.023444,0.110732,6.625797,9.276116,0.023113,12,14,27.1248,1,0,0,0.0,0,0,0,0,9.435591,1,1,0,0,1,8,0,9.435591,764.00293,981.685839,0,0,642
59,low,72.852,42.228,52.436,11.208,795.768,312.18,56.9232,22.3556,16.2516,5.604,0.843758,0.123346,1.720764,0.032174,0.148894,6.907336,9.670271,0.037401,12,14,30.4872,2,0,0,0.0,0,0,0,0,20.080284,1,1,0,0,1,8,0,40.160567,937.730562,1868.748455,0,0,642
59,standard,123.288,59.04,80.456,11.208,941.472,452.28,180.2112,82.3184,25.7784,16.812,0.884265,0.144013,1.778526,0.043006,0.194154,7.093131,9.930383,0.048796,12,14,32,2,1,0,0.0,0,0,0,0,41.883678,1,1,0,0,1,8,0,150.78124,1533.599538,3795.217151,12,23,642
59,high,176.422222,85.9392,116.3216,11.208,1155.337244,631.608,294.98112,134.124267,37.368302,13.4496,1.118965,0.168607,1.824891,0.052679,0.232742,7.287086,10.201921,0.0629,12,14,32,4,2,2,1.0,0,0,0,0,64.772151,1,1,0,0,1,8,0,466.359484,2318.104263,6509.851818,12,23,642
60,naked,57.51,26.004,36.506,11.502,690.12,232.53,37.8072,17.753,11.502,0,0.791063,0.096461,1.672153,0.023958,0.11302,6.626873,9.277622,0.023162,12,14,27.3012,1,0,0,0.0,0,0,0,0,9.688742,1,1,0,0,1,8,0,9.688742,784.103915,1005.196941,0,0,652
60,low,74.763,43.257,53.759,11.502,816.642,318.795,58.5108,22.9289,16.6779,5.751,0.843897,0.123417,1.724161,0.032777,0.151474,6.908016,9.671223,0.037439,12,14,30.7518,2,0,0,0.0,0,0,0,0,20.619326,1,1,0,0,1,8,0,41.238651,962.382373,1913.493618,0,0,652
60,standard,126.522,60.51,82.514,11.502,966.168,462.57,185.0328,84.4646,26.4546,17.253,0.884374,0.144068,1.78184,0.043666,0.196843,7.093599,9.931039,0.048827,12,14,32,2,1,0,0.0,0,0,0,0,43.007752,1,1,0,0,1,8,0,154.827906,1573.891267,3886.042314,12,23,652
60,high,181.05,88.1148,119.3204,11.502,1185.6432,646.602,302.81328,137.6294,38.34852,13.8024,1.119057,0.168647,1.827903,0.053341,0.235324,7.287376,10.202326,0.062923,12,14,32,4,2,2,1.0,0,0,0,0,66.508248,1,1,0,0,1,8,0,478.859389,2378.977138,6665.470978,12,23,652
61,naked,59.0,26.6,37.4,11.8,708.0,237.0,38.88,18.2,11.8,0,0.791241,0.096552,1.675325,0.024471,0.115302,6.627907,9.27907,0.023209,12,14,27.48,1,0,0,0.0,0,0,0,0,9.945433,1,1,0,0,1,8,0,9.945433,804.478373,1028.971036,0,0,662
61,low,76.7,44.3,55.1,11.8,837.8,325.5,60.12,23.51,17.11,5.9,0.844031,0.123485,1.72752,0.033378,0.154035,6.908671,9.672139,0.037476,12,14,31.02,2,0,0,0.0,0,0,0,0,21.165924,1,1,0,0,1,8,0,42.331849,987.369573,1958.740433,0,0,662
61,standard,129.8,62.0,84.6,11.8,991.2,473.0,189.92,86.64,27.14,17.7,0.884478,0.144122,1.7851,0.044321,0.199499,7.09405,9.93167,0.048857,12,14,32,2,1,0,0.0,0,0,0,0,44.147526,1,1,0,0,1,8,0,158.931094,1614.731173,3977.883038,12,23,662
61,high,185.740741,90.32,122.36,11.8,1216.361481,661.8,310.752,141.182222,39.342074,14.16,1.119146,0.168685,1.830853,0.053993,0.23786,7.287655,10.202717,0.062945,12,14,32,4,2,2,1.0,0,0,0,0,68.268478,1,1,0,0,1,8,0,491.533043,2440.678206,6822.82422,12,23,662
62,naked,60.51,27.204,38.306,12.102,726.12,241.53,39.9672,18.653,12.102,0,0.791413,0.096639,1.678477,0.024985,0.117579,6.628902,9.280462,0.023254,12,14,27.6612,1,0,0,0.0,0,0,0,0,10.205663,1,1,0,0,1,8,0,10.205663,825.126303,1053.007427,0,0,673
62,low,78.663,45.357,56.459,12.102,859.242,332.295,61.7508,24.0989,17.5479,6.051,0.844161,0.123551,1.730843,0.033976,0.156578,6.9093,9.67302,0.037512,12,14,31.2918,2,0,0,0.0,0,0,0,0,21.720081,1,1,0,0,1,8,0,43.440161,1012.692161,2004.48748,0,0,673
62,standard,133.122,63.51,86.714,12.102,1016.568,483.57,194.8728,88.8446,27.8346,18.153,0.884579,0.144173,1.788306,0.044968,0.20212,7.094484,9.932277,0.048886,12,14,32,2,1,0,0.0,0,0,0,0,45.303,1,1,0,0,1,8,0,163.090798,1656.119255,4070.736283,12,23,673
62,high,190.494444,92.5548,125.4404,12.102,1247.492089,677.202,318.79728,144.782733,40.348964,14.5224,1.119232,0.168721,1.83374,0.054636,0.240352,7.287923,10.203092,0.062966,12,14,32,4,2,2,1.0,0,0,0,0,70.052834,1,1,0,0,1,8,0,504.380404,2503.207465,6981.906223,12,23,673
63,naked,62.04,27.816,39.224,12.408,744.48,246.12,41.0688,19.112,12.408,0,0.791578,0.096723,1.68161,0.025498,0.119849,6.629859,9.281802,0.023298,12,14,27.8448,1,0,0,0.0,0,0,0,0,10.469434,1,1,0,0,1,8,0,10.469434,846.047707,1077.305424,0,0,683
63,low,80.652,46.428,57.836,12.408,880.968,339.18,63.4032,24.6956,17.9916,6.204,0.844285,0.123615,1.734127,0.03457,0.159101,6.909906,9.673868,0.037546,12,14,31.5672,2,0,0,0.0,0,0,0,0,22.281795,1,1,0,0,1,8,0,44.56359,1038.350139,2050.733361,0,0,683
63,standard,136.488,65.04,88.856,12.408,1042.272,494.28,199.8912,91.0784,28.5384,18.612,0.884676,0.144222,1.791458,0.04561,0.204707,7.094901,9.932862,0.048914,12,14,32,2,1,0,0.0,0,0,0,0,46.47417,1,1,0,0,1,8,0,167.307011,1698.055515,4164.599055,12,23,683
63,high,195.311111,94.8192,128.5616,12.408,1279.035022,692.808,326.94912,148.430933,41.369191,14.8896,1.119315,0.168756,1.836567,0.05527,0.242799,7.288181,10.203454,0.062987,12,14,32,4,2,2,1.0,0,0,0,0,71.86131,1,1,0,0,1,8,0,517.401432,2566.564917,7142.711754,12,23,683
64,naked,63.59,28.436,40.154,12.718,763.08,250.77,42.1848,19.577,12.718,0,0.791737,0.096805,1.684722,0.02601,0.122111,6.63078,9.283092,0.02334,12,14,28.0308,1,0,0,0.0,0,0,0,0,10.736748,1,1,0,0,1,8,0,10.736748,867.242583,1101.864346,0,0,693
64,low,82.667,47.513,59.231,12.718,902.978,346.155,65.0772,25.3001,18.4411,6.359,0.844405,0.123676,1.737374,0.035162,0.161605,6.910489,9.674684,0.037579,12,14,31.8462,2,0,0,0.0,0,0,0,0,22.851069,1,1,0,0,1,8,0,45.702137,1064.343505,2097.476693,0,0,693
64,standard,139.898,66.59,91.026,12.718,1068.312,505.13,204.9752,93.3414,29.2514,19.077,0.884769,0.14427,1.794557,0.046244,0.207259,7.095303,9.933425,0.048941,12,14,32,2,1,0,0.0,0,0,0,0,47.661035,1,1,0,0,1,8,0,171.579725,1740.539951,4259.468405,12,23,693
64,high,200.190741,97.1132,131.7236,12.718,1310.990281,708.618,335.20752,152.126822,42.402754,15.2616,1.119394,0.16879,1.839335,0.055893,0.245204,7.28843,10.203802,0.063007,12,14,32,4,2,2,1.0,0,0,0,0,73.693901,1,1,0,0,1,8,0,530.596084,2630.750562,7305.23567,12,23,693
65,naked,65.16,29.064,41.096,13.032,781.92,255.48,43.3152,20.048,13.032,0,0.79189,0.096883,1.687812,0.026522,0.124366,6.631667,9.284334,0.023381,12,14,28.2192,1,0,0,0.0,0,0,0,0,11.007604,1,1,0,0,1,8,0,11.007604,888.710934,1126.68352,0,0,703
65,low,84.708,48.612,60.644,13.032,925.272,353.22,66.7728,25.9124,18.8964,6.516,0.84452,0.123735,1.740583,0.035751,0.164088,6.911051,9.675471,0.037611,12,14,32,2,0,0,0.0,0,0,0,0,23.427901,1,1,0,0,1,8,0,46.855803,1090.672262,2144.716114,0,0,703
65,standard,143.352,68.16,93.224,13.032,1094.688,516.12,210.1248,95.6336,29.9736,19.548,0.884859,0.144316,1.797604,0.046872,0.209777,7.095691,9.933967,0.048966,12,14,32,2,1,0,0.0,0,0,0,0,48.863592,1,1,0,0,1,8,0,175.908931,1783.572566,4355.341426,12,23,703
65,high,205.133333,99.4368,134.9264,13.032,1343.357867,724.632,343.57248,155.8704,43.449653,15.6384,1.119471,0.168823,1.842044,0.056508,0.247566,7.28867,10.204137,0.063026,12,14,32,4,2,2,1.0,0,0,0,0,75.5506,1,1,0,0,1,8,0,543.96432,2695.764401,7469.472912,12,23,703
66,naked,66.75,29.7,42.05,13.35,801.0,260.25,44.46,20.525,13.35,0,0.792038,0.096958,1.690881,0.027034,0.126613,6.632522,9.285531,0.02342,12,14,28.41,1,0,0,0.0,0,0,0,0,11.282004,1,1,0,0,1,8,0,11.282004,910.452758,1151.762284,0,0,714
66,low,86.775,49.725,62.075,13.35,947.85,360.375,68.49,26.5325,19.3575,6.675,0.844631,0.123791,1.743754,0.036336,0.166551,6.911592,9.676229,0.037642,12,14,32,2,0,0,0.0,0,0,0,0,24.012294,1,1,0,0,1,8,0,48.024588,1117.336408,2192.450276,0,0,714
66,standard,146.85,69.75,95.45,13.35,1121.4,527.25,215.34,97.955,30.705,20.025,0.884946,0.14436,1.800598,0.047493,0.212262,7.096064,9.93449,0.048991,12,14,32,2,1,0,0.0,0,0,0,0,50.081839,1,1,0,0,1,8,0,180.294622,1827.153358,4452.215256,12,23,714
66,high,210.138889,101.79,138.17,13.35,1376.137778,740.85,352.044,159.661667,44.509889,16.02,1.119545,0.168854,1.844696,0.057113,0.249885,7.288901,10.204461,0.063044,12,14,32,4,2,2,1.0,0,0,0,0,77.431402,1,1,0,0,1,8,0,557.506098,2761.606433,7635.418505,12,23,714
67,naked,68.36,30.344,43.016,13.672,820.32,265.08,45.6192,21.008,13.672,0,0.792181,0.097031,1.693928,0.027545,0.12885,6.633347,9.286685,0.023457,12,14,28.6032,1,0,0,0.0,0,0,0,0,11.559949,1,1,0,0,1,8,0,11.559949,932.468057,1177.09998,0,0,724
67,low,88.868,50.852,63.524,13.672,970.712,367.62,70.2288,27.1604,19.8244,6.836,0.844739,0.123846,1.746887,0.036918,0.168993,6.912115,9.67696,0.037672,12,14,32,2,0,0,0.0,0,0,0,0,24.604247,1,1,0,0,1,8,0,49.208493,1144.335945,2240.677849,0,0,724
67,standard,150.392,71.36,97.704,13.672,1148.448,538.52,220.6208,100.3056,31.4456,20.508,0.88503,0.144403,1.803541,0.048107,0.214712,7.096425,9.934994,0.049015,12,14,32,2,1,0,0.0,0,0,0,0,51.315774,1,1,0,0,1,8,0,184.736788,1871.282329,4550.087074,12,23,724
67,high,215.207407,104.1728,141.4544,13.672,1409.330015,757.272,360.62208,163.500622,45.583461,16.4064,1.119616,0.168884,1.847293,0.057709,0.252163,7.289124,10.204773,0.063062,12,14,32,4,2,2,1.0,0,0,0,0,79.336302,1,1,0,0,1,8,0,571.221376,2828.276659,7803.067558,12,23,724
68,naked,69.99,30.996,43.994,13.998,839.88,269.97,46.7928,21.497,13.998,0,0.792318,0.097101,1.696951,0.028054,0.131079,6.634142,9.287798,0.023494,12,14,28.7988,1,0,0,0.0,0,0,0,0,11.841439,1,1,0,0,1,8,0,11.841439,954.756831,1202.69596,0,0,734
68,low,90.987,51.993,64.991,13.998,993.858,374.955,71.9892,27.7961,20.2971,6.999,0.844842,0.123899,1.749981,0.037496,0.171414,6.912618,9.677666,0.0377,12,14,32,2,0,0,0.0,0,0,0,0,25.20376,1,1,0,0,1,8,0,50.407519,1171.670873,2289.397522,0,0,734
68,standard,153.978,72.99,99.986,13.998,1175.832,549.93,225.9672,102.6854,32.1954,20.997,0.885111,0.144444,1.806434,0.048714,0.217128,7.096772,9.935481,0.049038,12,14,32,2,1,0,0.0,0,0,0,0,52.565395,1,1,0,0,1,8,0,189.235421,1915.959479,4648.954101,12,23,734
68,high,220.338889,106.5852,144.7796,13.998,1442.934578,773.898,369.30672,167.387267,46.670369,16.7976,1.119685,0.168914,1.849835,0.058295,0.2544,7.289339,10.205074,0.063079,12,14,32,4,2,2,1.0,0,0,0,0,81.265294,1,1,0,0,1,8,0,585.110114,2895.775079,7972.415257,12,23,734
69,naked,71.64,31.656,44.984,14.328,859.68,274.92,47.9808,21.992,14.328,0,0.792451,0.097169,1.699952,0.028563,0.133298,6.634909,9.288872,0.023529,12,14,28.9968,1,0,0,0.0,0,0,0,0,12.126475,1,1,0,0,1,8,0,12.126475,977.319079,1228.549584,0,0,745
69,low,93.132,53.148,66.476,14.328,1017.288,382.38,73.7712,28.4396,20.7756,7.164,0.844942,0.12395,1.753038,0.038071,0.173813,6.913104,9.678346,0.037728,12,14,32,2,0,0,0.0,0,0,0,0,25.810833,1,1,0,0,1,8,0,51.621665,1199.341191,2338.607997,0,0,745
69,standard,157.608,74.64,102.296,14.328,1203.552,561.48,231.3792,105.0944,32.9544,21.492,0.885189,0.144484,1.809277,0.049315,0.219511,7.097108,9.935951,0.049061,12,14,32,2,1,0,0.0,0,0,0,0,53.830697,1,1,0,0,1,8,0,193.79051,1961.184807,4748.8136,12,23,745
69,high,225.533333,109.0272,148.1456,14.328,1476.951467,790.728,378.09792,171.3216,47.770613,17.1936,1.119751,0.168942,1.852323,0.058872,0.256596,7.289546,10.205365,0.063096,12,14,32,4,2,2,1.0,0,0,0,0,83.218371,1,1,0,0,1,8,0,599.172272,2964.101693,8143.456868,12,23,745
70,naked,73.31,32.324,45.986,14.662,879.72,279.93,49.1832,22.493,14.662,0,0.792579,0.097234,1.702929,0.029071,0.135507,6.635649,9.289908,0.023563,12,14,29.1972,1,0,0,0.0,0,0,0,0,12.415058,1,1,0,0,1,8,0,12.415058,1000.154802,1254.660218,0,0,755
70,low,95.303,54.317,67.979,14.662,1041.002,389.895,75.5748,29.0909,21.2599,7.331,0.845039,0.123999,1.756056,0.038642,0.176191,6.913574,9.679003,0.037755,12,14,32,2,0,0,0.0,0,0,0,0,26.425466,1,1,0,0,1,8,0,52.850932,1227.3469,2388.307996,0,0,755
70,standard,161.282,76.31,104.634,14.662,1231.608,573.17,236.8568,107.5326,33.7226,21.993,0.885264,0.144522,1.81207,0.049908,0.22186,7.097431,9.936404,0.049082,12,14,32,2,1,0,0.0,0,0,0,0,55.11168,1,1,0,0,1,8,0,198.402046,2006.958314,4849.662871,12,23,755
70,high,230.790741,111.4988,151.5524,14.662,1511.380681,807.762,386.99568,175.303622,48.884194,17.5944,1.119816,0.168969,1.854758,0.059441,0.258752,7.289747,10.205646,0.063112,12,14,32,4,2,2,1.0,0,0,0,0,85.195529,1,1,0,0,1,8,0,613.407808,3033.256502,8316.187733,12,23,755
71,naked,75.0,33.0,47.0,15.0,900.0,285.0,50.4,23.0,15.0,0,0.792703,0.097297,1.705882,0.029577,0.137705,6.636364,9.290909,0.023596,12,14,29.4,1,0,0,0.0,0,0,0,0,12.707188,1,1,0,0,1,8,0,12.707188,1023.264,1281.027237,0,0,765
71,low,97.5,55.5,69.5,15.0,1065.0,397.5,77.4,29.75,21.75,7.5,0.845132,0.124047,1.759036,0.03921,0.178547,6.914027,9.679638,0.037781,12,14,32,2,0,0,0.0,0,0,0,0,27.047659,1,1,0,0,1,8,0,54.095318,1255.688,2438.496253,0,0,765
71,standard,165.0,78.0,107.0,15.0,1260.0,585.0,242.4,110.0,34.5,22.5,0.885337,0.14456,1.814815,0.050495,0.224176,7.097744,9.936842,0.049103,12,14,32,2,1,0,0.0,0,0,0,0,56.408339,1,1,0,0,1,8,0,203.07002,2053.28,4951.499255,12,23,765
71,high,236.111111,114.0,155.0,15.0,1546.222222,825.0,396.0,179.333333,50.011111,18.0,1.119878,0.168996,1.857143,0.06,0.26087,7.289941,10.205917,0.063127,12,14,32,4,2,2,1.0,0,0,0,0,87.196762,1,1,0,0,1,8,0,627.816684,3103.239506,8490.603267,12,23,765
72,naked,76.71,33.684,48.026,15.342,920.52,290.13,51.6312,23.513,15.342,0,0.792822,0.097358,1.708811,0.030083,0.139892,6.637054,9.291876,0.023627,12,14,29.6052,1,0,0,0.0,0,0,0,0,13.002866,1,1,0,0,1,8,0,13.002866,1046.646674,1307.650022,0,0,776
72,low,99.723,56.697,71.039,15.342,1089.282,405.195,79.2468,30.4169,22.2459,7.671,0.845222,0.124093,1.761978,0.039773,0.18088,6.914465,9.680251,0.037805,12,14,32,2,0,0,0.0,0,0,0,0,27.677412,1,1,0,0,1,8,0,55.354824,1284.364492,2489.171521,0,0,776
72,standard,168.762,79.71,109.394,15.342,1288.728,596.97,248.0088,112.4966,35.2866,23.013,0.885407,0.144595,1.817512,0.051075,0.226459,7.098047,9.937265,0.049123,12,14,32,2,1,0,0.0,0,0,0,0,57.720673,1,1,0,0,1,8,0,207.794421,2100.149866,5054.32013,12,23,776
72,high,241.494444,116.5308,158.4884,15.342,1581.476089,842.442,405.11088,183.410733,51.151364,18.4104,1.119938,0.169021,1.859477,0.06055,0.262948,7.290128,10.206179,0.063142,12,14,32,4,2,2,1.0,0,0,0,0,89.222064,1,1,0,0,1,8,0,642.39886,3174.050705,8666.69896,12,23,776
73,naked,78.44,34.376,49.064,15.688,941.28,295.32,52.8768,24.032,15.688,0,0.792938,0.097417,1.711716,0.030586,0.142069,6.637721,9.29281,0.023658,12,14,29.8128,1,0,0,0.0,0,0,0,0,13.302093,1,1,0,0,1,8,0,13.302093,1070.302823,1334.527962,0,0,786
73,low,101.972,57.908,72.596,15.688,1113.848,412.98,81.1152,31.0916,22.7476,7.844,0.845309,0.124137,1.764883,0.040333,0.183192,6.914888,9.680844,0.03783,12,14,32,2,0,0,0.0,0,0,0,0,28.314725,1,1,0,0,1,8,0,56.62945,1313.376375,2540.332567,0,0,786
73,standard,172.568,81.44,111.816,15.688,1317.792,609.08,253.6832,115.0224,36.0824,23.532,0.885475,0.14463,1.820161,0.051648,0.228708,7.098339,9.937675,0.049143,12,14,32,2,1,0,0.0,0,0,0,0,59.048677,1,1,0,0,1,8,0,212.575239,2147.567911,5158.122913,12,23,786
73,high,246.940741,119.0912,162.0176,15.688,1617.142281,860.088,414.32832,187.535822,52.304954,18.8256,1.119996,0.169046,1.861762,0.061092,0.264989,7.290309,10.206433,0.063157,12,14,32,4,2,2,1.0,0,0,0,0,91.27143,1,1,0,0,1,8,0,657.154296,3245.690099,8844.47037,12,23,786
74,naked,80.19,35.076,50.114,16.038,962.28,300.57,54.1368,24.557,16.038,0,0.79305,0.097474,1.714596,0.031089,0.144233,6.638367,9.293713,0.023687,12,14,30.0228,1,0,0,0.0,0,0,0,0,13.604869,1,1,0,0,1,8,0,13.604869,1094.232448,1361.660452,0,0,796
74,low,104.247,59.133,74.171,16.038,1138.698,420.855,83.0052,31.7741,23.2551,8.019,0.845394,0.12418,1.76775,0.040888,0.185481,6.915298,9.681417,0.037853,12,14,32,2,0,0,0.0,0,0,0,0,28.959597,1,1,0,0,1,8,0,57.919193,1342.72365,2591.978172,0,0,796
74,standard,176.418,83.19,114.266,16.038,1347.192,621.33,259.4232,117.5774,36.8874,24.057,0.885541,0.144664,1.822764,0.052214,0.230926,7.098622,9.93807,0.049162,12,14,32,2,1,0,0.0,0,0,0,0,60.392351,1,1,0,0,1,8,0,217.412464,2195.534136,5262.905058,12,23,796
74,high,252.45,121.6812,165.5876,16.038,1653.2208,877.938,423.65232,191.7086,53.47188,19.2456,1.120052,0.16907,1.864,0.061625,0.266992,7.290484,10.206678,0.063171,12,14,32,4,2,2,1.0,0,0,0,0,93.344855,1,1,0,0,1,8,0,672.082955,3318.157689,9023.913126,12,23,796
75,naked,81.96,35.784,51.176,16.392,983.52,305.88,55.4112,25.088,16.392,0,0.793158,0.09753,1.71745,0.031589,0.146386,6.63899,9.294587,0.023716,12,14,30.2352,1,0,0,0.0,0,0,0,0,13.911194,1,1,0,0,1,8,0,13.911194,1118.43555,1389.046894,0,0,807
75,low,106.548,60.372,75.764,16.392,1163.832,428.82,84.9168,32.4644,23.7684,8.196,0.845475,0.124222,1.770579,0.04144,0.187748,6.915694,9.681971,0.037876,12,14,32,2,0,0,0.0,0,0,0,0,29.612027,1,1,0,0,1,8,0,59.224054,1372.406318,2644.107134,0,0,807
75,standard,180.312,84.96,116.744,16.392,1376.928,633.72,265.2288,120.1616,37.7016,24.588,0.885605,0.144696,1.825321,0.052773,0.233111,7.098895,9.938453,0.04918,12,14,32,2,1,0,0.0,0,0,0,0,61.75169,1,1,0,0,1,8,0,222.306085,2244.048542,5368.664053,12,23,807
75,high,258.022222,124.3008,169.1984,16.392,1689.711644,895.992,433.08288,195.929067,54.652142,19.6704,1.120106,0.169093,1.86619,0.06215,0.268959,7.290654,10.206915,0.063184,12,14,32,4,2,2,1.0,0,0,0,0,95.442333,1,1,0,0,1,8,0,687.1848,3391.453474,9205.022923,12,23,807
76,naked,83.75,36.5,52.25,16.75,1005.0,311.25,56.7,25.625,16.75,0,0.793263,0.097583,1.72028,0.032088,0.148527,6.639594,9.295431,0.023744,12,14,30.45,1,0,0,0.0,0,0,0,0,14.221068,1,1,0,0,1,8,0,14.221068,1142.912127,1416.686697,0,0,817
76,low,108.875,61.625,77.375,16.75,1189.25,436.875,86.85,33.1625,24.2875,8.375,0.845554,0.124262,1.773371,0.041987,0.189992,6.916077,9.682508,0.037897,12,14,32,2,0,0,0.0,0,0,0,0,30.272016,1,1,0,0,1,8,0,60.544032,1402.424377,2696.718265,0,0,817
76,standard,184.25,86.75,119.25,16.75,1407.0,646.25,271.1,122.775,38.525,25.125,0.885666,0.144728,1.827834,0.053326,0.235264,7.09916,9.938824,0.049198,12,14,32,2,1,0,0.0,0,0,0,0,63.126692,1,1,0,0,1,8,0,227.256091,2293.111127,5475.397423,12,23,817
76,high,263.657407,126.95,172.85,16.75,1726.614815,914.25,442.62,200.197222,55.845741,20.1,1.120159,0.169115,1.868334,0.062666,0.27089,7.290818,10.207145,0.063197,12,14,32,4,2,2,1.0,0,0,0,0,97.56386,1,1,0,0,1,8,0,702.459792,3465.577454,9387.795525,12,23,817
77,naked,85.56,37.224,53.336,17.112,1026.72,316.68,58.0032,26.168,17.112,0,0.793364,0.097635,1.723084,0.032585,0.150655,6.640178,9.296249,0.023771,12,14,30.6672,1,0,0,0.0,0,0,0,0,14.534493,1,1,0,0,1,8,0,14.534493,1167.662181,1444.579277,0,0,828
77,low,111.228,62.892,79.004,17.112,1214.952,445.02,88.8048,33.8684,24.8124,8.556,0.845631,0.124301,1.776126,0.04253,0.192213,6.916448,9.683027,0.037919,12,14,32,2,0,0,0.0,0,0,0,0,30.939562,1,1,0,0,1,8,0,61.879125,1432.777829,2749.810392,0,0,828
77,standard,188.232,88.56,121.784,17.112,1437.408,658.92,277.0368,125.4176,39.3576,25.668,0.885726,0.144758,1.830301,0.053871,0.237385,7.099416,9.939182,0.049215,12,14,32,2,1,0,0.0,0,0,0,0,64.517354,1,1,0,0,1,8,0,232.262473,2342.721893,5583.102728,12,23,828
77,high,269.355556,129.6288,176.5424,17.112,1763.930311,932.712,452.26368,204.513067,57.052676,20.5344,1.12021,0.169137,1.870434,0.063173,0.272785,7.290976,10.207367,0.06321,12,14,32,4,2,2,1.0,0,0,0,0,99.70943,1,1,0,0,1,8,0,717.907895,3540.529631,9572.226756,12,23,828
78,naked,87.39,37.956,54.434,17.478,1048.68,322.17,59.3208,26.717,17.478,0,0.793462,0.097685,1.725862,0.033081,0.15277,6.640743,9.297041,0.023797,12,14,30.8868,1,0,0,0.0,0,0,0,0,14.851468,1,1,0,0,1,8,0,14.851468,1192.685711,1472.724054,0,0,838
78,low,113.607,64.173,80.651,17.478,1240.938,453.255,90.7812,34.5821,25.3431,8.739,0.845705,0.124339,1.778844,0.043069,0.194412,6.916807,9.683529,0.037939,12,14,32,2,0,0,0.0,0,0,0,0,31.614666,1,1,0,0,1,8,0,63.229332,1463.466673,2803.382354,0,0,838
78,standard,192.258,90.39,124.346,17.478,1468.152,671.73,283.0392,128.0894,40.1994,26.217,0.885784,0.144788,1.832726,0.05441,0.239475,7.099664,9.939529,0.049231,12,14,32,2,1,0,0.0,0,0,0,0,65.923672,1,1,0,0,1,8,0,237.32522,2392.880839,5691.777561,12,23,838
78,high,275.116667,132.3372,180.2756,17.478,1801.658133,951.378,462.01392,208.8766,58.272947,20.9736,1.120259,0.169158,1.87249,0.063673,0.274645,7.29113,10.207582,0.063222,12,14,32,4,2,2,1.0,0,0,0,0,101.879038,1,1,0,0,1,8,0,733.529073,3616.310004,9758.312505,12,23,838
79,naked,89.24,38.696,55.544,17.848,1070.88,327.72,60.6528,27.272,17.848,0,0.793558,0.097733,1.728615,0.033574,0.154872,6.641291,9.297808,0.023822,12,14,31.1088,1,0,0,0.0,0,0,0,0,15.171993,1,1,0,0,1,8,0,15.171993,1217.982717,1501.120457,0,0,848
79,low,116.012,65.468,82.316,17.848,1267.208,461.58,92.7792,35.3036,25.8796,8.924,0.845776,0.124376,1.781526,0.043604,0.196588,6.917155,9.684016,0.037959,12,14,32,2,0,0,0.0,0,0,0,0,32.297326,1,1,0,0,1,8,0,64.594652,1494.490909,2857.433006,0,0,848
79,standard,196.328,92.24,126.936,17.848,1499.232,684.68,289.1072,130.7904,41.0504,26.772,0.88584,0.144816,1.835107,0.054942,0.241534,7.099904,9.939866,0.049247,12,14,32,2,1,0,0.0,0,0,0,0,67.345645,1,1,0,0,1,8,0,242.444321,2443.587965,5801.419549,12,23,848
79,high,280.940741,135.0752,184.0496,17.848,1839.798281,970.248,471.87072,213.287822,59.506554,21.4176,1.120307,0.169178,1.874503,0.064164,0.276472,7.291279,10.207791,0.063234,12,14,32,4,2,2,1.0,0,0,0,0,104.072679,1,1,0,0,1,8,0,749.323292,3692.918573,9946.048724,12,23,848
80,naked,91.11,39.444,56.666,18.222,1093.32,333.33,61.9992,27.833,18.222,0,0.79365,0.09778,1.731342,0.034066,0.156961,6.641822,9.29855,0.023846,12,14,31.3332,1,0,0,0.0,0,0,0,0,15.496069,1,1,0,0,1,8,0,15.496069,1243.553201,1529.767921,0,0,859
80,low,118.443,66.777,83.999,18.222,1293.762,469.995,94.7988,36.0329,26.4219,9.111,0.845846,0.124411,1.784171,0.044134,0.198741,6.917492,9.684488,0.037978,12,14,32,2,0,0,0.0,0,0,0,0,32.987542,1,1,0,0,1,8,0,65.975084,1525.850539,2911.961217,0,0,859
80,standard,200.442,94.11,129.554,18.222,1530.648,697.77,295.2408,133.5206,41.9106,27.333,0.885894,0.144844,1.837446,0.055467,0.243562,7.100137,9.940192,0.049263,12,14,32,2,1,0,0.0,0,0,0,0,68.783268,1,1,0,0,1,8,0,247.619766,2494.843273,5912.02635,12,23,859
80,high,286.827778,137.8428,187.8644,18.222,1878.350756,989.322,481.83408,217.746733,60.753498,21.8664,1.120353,0.169198,1.876474,0.064647,0.278264,7.291424,10.207993,0.063246,12,14,32,4,2,2,1.0,0,0,0,0,106.290349,1,1,0,0,1,8,0,765.290516,3770.355338,10135.43142,12,23,859
81,naked,93.0,40.2,57.8,18.6,1116.0,339.0,63.36,28.4,18.6,0,0.793739,0.097826,1.734043,0.034555,0.159036,6.642336,9.29927,0.02387,12,14,31.56,1,0,0,0.0,0,0,0,0,15.823696,1,1,0,0,1,8,0,15.823696,1269.397161,1558.665885,0,0,869
81,low,120.9,68.1,85.7,18.6,1320.6,478.5,96.84,36.77,26.97,9.3,0.845913,0.124445,1.78678,0.04466,0.200871,6.917818,9.684945,0.037997,12,14,32,2,0,0,0.0,0,0,0,0,33.685313,1,1,0,0,1,8,0,67.370626,1557.545561,2966.965869,0,0,869
81,standard,204.6,96.0,132.2,18.6,1562.4,711.0,301.44,136.28,42.78,27.9,0.885947,0.144871,1.839744,0.055986,0.24556,7.100363,9.940508,0.049278,12,14,32,2,1,0,0.0,0,0,0,0,70.23654,1,1,0,0,1,8,0,252.851544,2546.646761,6023.595658,12,23,869
81,high,292.777778,140.64,191.72,18.6,1917.315556,1008.6,491.904,222.253333,62.013778,22.32,1.120398,0.169217,1.878405,0.065123,0.280024,7.291564,10.208189,0.063257,12,14,32,4,2,2,1.0,0,0,0,0,108.532043,1,1,0,0,1,8,0,781.430711,3848.6203,10326.456663,12,23,869
82,naked,94.91,40.964,58.946,18.982,1138.92,344.73,64.7352,28.973,18.982,0,0.793826,0.09787,1.736717,0.035042,0.161098,6.642834,9.299968,0.023893,12,14,31.7892,1,0,0,0.0,0,0,0,0,16.154874,1,1,0,0,1,8,0,16.154874,1295.514599,1587.813797,0,0,880
82,low,123.383,69.437,87.419,18.982,1347.722,487.095,98.9028,37.5149,27.5239,9.491,0.845979,0.124479,1.789354,0.045181,0.202979,6.918135,9.685389,0.038015,12,14,32,2,0,0,0.0,0,0,0,0,34.390638,1,1,0,0,1,8,0,68.781276,1589.575977,3022.445856,0,0,880
82,standard,208.802,97.91,134.874,18.982,1594.488,724.37,307.7048,139.0686,43.6586,28.473,0.885998,0.144897,1.842,0.056498,0.247528,7.100582,9.940814,0.049293,12,14,32,2,1,0,0.0,0,0,0,0,71.705457,1,1,0,0,1,8,0,258.139644,2598.998431,6136.125194,12,23,880
82,high,298.790741,143.4668,195.6164,18.982,1956.692681,1028.082,502.08048,226.807622,63.287394,22.7784,1.120441,0.169235,1.880295,0.06559,0.281751,7.291699,10.208379,0.063268,12,14,32,4,2,2,1.0,0,0,0,0,110.797756,1,1,0,0,1,8,0,797.743845,3927.713458,10519.120577,12,23,880
83,naked,96.84,41.736,60.104,19.368,1162.08,350.52,66.1248,29.552,19.368,0,0.79391,0.097913,1.739366,0.035527,0.163145,6.643317,9.300644,0.023915,12,14,32,1,0,0,0.0,0,0,0,0,16.489604,1,1,0,0,1,8,0,16.489604,1321.905513,1617.211107,0,0,890
83,low,125.892,70.788,89.156,19.368,1375.128,495.78,100.9872,38.2676,28.0836,9.684,0.846042,0.124511,1.791892,0.045698,0.205063,6.918442,9.685819,0.038032,12,14,32,2,0,0,0.0,0,0,0,0,35.103516,1,1,0,0,1,8,0,70.207033,1621.941785,3078.400088,0,0,890
83,standard,213.048,99.84,137.576,19.368,1626.912,737.88,314.0352,141.8864,44.5464,29.052,0.886047,0.144922,1.844217,0.057003,0.249466,7.100794,9.941111,0.049307,12,14,32,2,1,0,0.0,0,0,0,0,73.190016,1,1,0,0,1,8,0,263.484057,2651.898281,6249.612713,12,23,890
83,high,304.866667,146.3232,199.5536,19.368,1996.482133,1047.768,512.36352,231.4096,64.574347,23.2416,1.120483,0.169253,1.882147,0.06605,0.283447,7.291831,10.208563,0.063278,12,14,32,4,2,2,1.0,0,0,0,0,113.087484,1,1,0,0,1,8,0,814.229883,4007.634814,10713.419345,12,23,890
84,naked,98.79,42.516,61.274,19.758,1185.48,356.37,67.5288,30.137,19.758,0,0.793991,0.097955,1.741989,0.03601,0.165179,6.643786,9.301301,0.023937,12,14,32,1,0,0,0.0,0,0,0,0,16.827884,1,1,0,0,1,8,0,16.827884,1348.569905,1646.857275,0,0,901
84,low,128.427,72.153,90.911,19.758,1402.818,504.555,103.0932,39.0281,28.6491,9.879,0.846103,0.124543,1.794395,0.046211,0.207126,6.91874,9.686236,0.038049,12,14,32,2,0,0,0.0,0,0,0,0,35.823947,1,1,0,0,1,8,0,71.647895,1654.642987,3134.827486,0,0,901
84,standard,217.338,101.79,140.306,19.758,1659.672,751.53,320.4312,144.7334,45.4434,29.637,0.886095,0.144947,1.846395,0.057502,0.251374,7.101,9.9414,0.049321,12,14,32,2,1,0,0.0,0,0,0,0,74.690214,1,1,0,0,1,8,0,268.884772,2705.346313,6364.055998,12,23,901
84,high,311.005556,149.2092,203.5316,19.758,2036.683911,1067.658,522.75312,236.059267,65.874636,23.7096,1.120524,0.169271,1.88396,0.066503,0.285112,7.291959,10.208742,0.063289,12,14,32,4,2,2,1.0,0,0,0,0,115.401222,1,1,0,0,1,8,0,830.888795,4088.384365,10909.3492,12,23,901
85,naked,100.76,43.304,62.456,20.152,1209.12,362.28,68.9472,30.728,20.152,0,0.794071,0.097995,1.744585,0.03649,0.167198,6.644241,9.301938,0.023958,12,14,32,1,0,0,0.0,0,0,0,0,17.169716,1,1,0,0,1,8,0,17.169716,1375.507774,1676.751763,0,0,911
85,low,130.988,73.532,92.684,20.152,1430.792,513.42,105.2208,39.7964,29.2204,10.076,0.846163,0.124573,1.796864,0.046719,0.209165,6.919029,9.686641,0.038066,12,14,32,2,0,0,0.0,0,0,0,0,36.55193,1,1,0,0,1,8,0,73.10386,1687.679582,3191.726984,0,0,911
85,standard,221.672,103.76,143.064,20.152,1692.768,765.32,326.8928,147.6096,46.3496,30.228,0.886142,0.14497,1.848534,0.057994,0.253254,7.1012,9.94168,0.049334,12,14,32,2,1,0,0.0,0,0,0,0,76.20605,1,1,0,0,1,8,0,274.341779,2759.342526,6479.452863,12,23,911
85,high,317.207407,152.1248,207.5504,20.152,2077.298015,1087.752,533.24928,240.756622,67.188261,24.1824,1.120564,0.169287,1.885736,0.066948,0.286746,7.292083,10.208916,0.063299,12,14,32,4,2,2,1.0,0,0,0,0,117.738965,1,1,0,0,1,8,0,847.720549,4169.962114,11106.906431,12,23,911
86,naked,102.75,44.1,63.65,20.55,1233.0,368.25,70.38,31.325,20.55,0,0.794147,0.098034,1.747155,0.036968,0.169203,6.644683,9.302556,0.023978,12,14,32,1,0,0,0.0,0,0,0,0,17.5151,1,1,0,0,1,8,0,17.5151,1402.71912,1706.894042,0,0,922
86,low,133.575,74.925,94.475,20.55,1459.05,522.375,107.37,40.5725,29.7975,10.275,0.846221,0.124603,1.799298,0.047223,0.211182,6.91931,9.687034,0.038082,12,14,32,2,0,0,0.0,0,0,0,0,37.287463,1,1,0,0,1,8,0,74.574927,1721.05157,3249.09753,0,0,922
86,standard,226.05,105.75,145.85,20.55,1726.2,779.25,333.42,150.515,47.265,30.825,0.886187,0.144993,1.850635,0.05848,0.255105,7.101394,9.941951,0.049347,12,14,32,2,1,0,0.0,0,0,0,0,77.737518,1,1,0,0,1,8,0,279.855067,2813.88692,6595.801149,12,23,922
86,high,323.472222,155.07,211.61,20.55,2118.324444,1108.05,543.852,245.501667,68.515222,24.66,1.120603,0.169304,1.887476,0.067385,0.28835,7.292203,10.209084,0.063308,12,14,32,4,2,2,1.0,0,0,0,0,120.10071,1,1,0,0,1,8,0,864.725115,4252.36806,11306.087379,12,23,922
87,naked,104.76,44.904,64.856,20.952,1257.12,374.28,71.8272,31.928,20.952,0,0.794222,0.098072,1.7497,0.037444,0.171193,6.645111,9.303156,0.023998,12,14,32,1,0,0,0.0,0,0,0,0,17.864034,1,1,0,0,1,8,0,17.864034,1430.203944,1737.283586,0,0,932
87,low,136.188,76.332,96.284,20.952,1487.592,531.42,109.5408,41.3564,30.3804,10.476,0.846277,0.124631,1.801697,0.047722,0.213176,6.919582,9.687415,0.038098,12,14,32,2,0,0,0.0,0,0,0,0,38.030547,1,1,0,0,1,8,0,76.061094,1754.758952,3306.938081,0,0,932
87,standard,230.472,107.76,148.664,20.952,1759.968,793.32,340.0128,153.4496,48.1896,31.428,0.886231,0.145016,1.852699,0.05896,0.256928,7.101582,9.942215,0.04936,12,14,32,2,1,0,0.0,0,0,0,0,79.284618,1,1,0,0,1,8,0,285.424626,2868.979496,6713.098729,12,23,932
87,high,329.8,158.0448,215.7104,20.952,2159.7632,1128.552,554.56128,250.2944,69.85552,25.1424,1.12064,0.16932,1.88918,0.067816,0.289925,7.29232,10.209248,0.063318,12,14,32,4,2,2,1.0,0,0,0,0,122.486453,1,1,0,0,1,8,0,881.902462,4335.602203,11506.888434,12,23,932
88,naked,106.79,45.716,66.074,21.358,1281.48,380.37,73.2888,32.537,21.358,0,0.794295,0.098109,1.752218,0.037917,0.173169,6.645527,9.303738,0.024017,12,14,32,1,0,0,0.0,0,0,0,0,18.216521,1,1,0,0,1,8,0,18.216521,1457.962246,1767.919875,0,0,942
88,low,138.827,77.753,98.111,21.358,1516.418,540.555,111.7332,42.1481,30.9691,10.679,0.846332,0.124659,1.804064,0.048216,0.215148,6.919847,9.687786,0.038113,12,14,32,2,0,0,0.0,0,0,0,0,38.781179,1,1,0,0,1,8,0,77.562358,1788.801728,3365.247609,0,0,942
88,standard,234.938,109.79,151.506,21.358,1794.072,807.53,346.6712,156.4134,49.1234,32.037,0.886274,0.145038,1.854726,0.059433,0.258723,7.101765,9.942471,0.049372,12,14,32,2,1,0,0.0,0,0,0,0,80.847346,1,1,0,0,1,8,0,291.050447,2924.620254,6831.3435,12,23,942
88,high,336.190741,161.0492,219.8516,21.358,2201.614281,1149.258,565.37712,255.134822,71.209154,25.6296,1.120677,0.169335,1.89085,0.068239,0.291471,7.292434,10.209407,0.063327,12,14,32,4,2,2,1.0,0,0,0,0,124.896189,1,1,0,0,1,8,0,899.252561,4419.664543,11709.306036,12,23,942
89,naked,108.84,46.536,67.304,21.768,1306.08,386.52,74.7648,33.152,21.768,0,0.794365,0.098145,1.75471,0.038387,0.175129,6.645932,9.304305,0.024036,12,14,32,1,0,0,0.0,0,0,0,0,18.572558,1,1,0,0,1,8,0,18.572558,1485.994025,1798.802396,0,0,953
89,low,141.492,79.188,99.956,21.768,1545.528,549.78,113.9472,42.9476,31.5636,10.884,0.846385,0.124686,1.806397,0.048706,0.217097,6.920104,9.688146,0.038128,12,14,32,2,0,0,0.0,0,0,0,0,39.539359,1,1,0,0,1,8,0,79.078718,1823.179897,3424.025098,0,0,953
89,standard,239.448,111.84,154.376,21.768,1828.512,821.88,353.3952,159.4064,50.0664,32.652,0.886315,0.145059,1.856717,0.0599,0.260491,7.101943,9.94272,0.049384,12,14,32,2,1,0,0.0,0,0,0,0,82.4257,1,1,0,0,1,8,0,296.732519,2980.809193,6950.533389,12,23,953
89,high,342.644444,164.0832,224.0336,21.768,2243.877689,1170.168,576.29952,260.022933,72.576124,26.1216,1.120712,0.16935,1.892486,0.068655,0.292989,7.292544,10.209561,0.063335,12,14,32,4,2,2,1.0,0,0,0,0,127.329914,1,1,0,0,1,8,0,916.775383,4504.555081,11913.336674,12,23,953
90,naked,110.91,47.364,68.546,22.182,1330.92,392.73,76.2552,33.773,22.182,0,0.794433,0.09818,1.757175,0.038855,0.177075,6.646325,9.304855,0.024054,12,14,32,1,0,0,0.0,0,0,0,0,18.932147,1,1,0,0,1,8,0,18.932147,1514.299283,1829.93064,0,0,964
90,low,144.183,80.637,101.819,22.182,1574.922,559.095,116.1828,43.7549,32.1639,11.091,0.846437,0.124713,1.808697,0.049192,0.219024,6.920354,9.688496,0.038142,12,14,32,2,0,0,0.0,0,0,0,0,40.305086,1,1,0,0,1,8,0,80.610172,1857.893461,3483.269542,0,0,964
90,standard,244.002,113.91,157.274,22.182,1863.288,836.37,360.1848,162.4286,51.0186,33.273,0.886356,0.145079,1.858673,0.060361,0.262232,7.102116,9.942962,0.049395,12,14,32,2,1,0,0.0,0,0,0,0,84.019676,1,1,0,0,1,8,0,302.470832,3037.546315,7070.666348,12,23,964
90,high,349.161111,167.1468,228.2564,22.182,2286.553422,1191.282,587.32848,264.958733,73.956431,26.6184,1.120747,0.169365,1.894089,0.069065,0.294479,7.292651,10.209712,0.063344,12,14,32,4,2,2,1.0,0,0,0,0,129.787625,1,1,0,0,1,8,0,934.4709,4590.273816,12118.976884,12,23,964
91,naked,113.0,48.2,69.8,22.6,1356.0,399.0,77.76,34.4,22.6,0,0.7945,0.098214,1.759615,0.03932,0.179006,6.646707,9.305389,0.024071,12,14,32,1,0,0,0.0,0,0,0,0,19.295286,1,1,0,0,1,8,0,19.295286,1542.878018,1861.304101,0,0,974
91,low,146.9,82.1,103.7,22.6,1604.6,568.5,118.44,44.57,32.77,11.3,0.846487,0.124738,1.810964,0.049673,0.220929,6.920597,9.688836,0.038156,12,14,32,2,0,0,0.0,0,0,0,0,41.078359,1,1,0,0,1,8,0,82.156718,1892.942418,3542.979949,0,0,974
91,standard,248.6,116.0,160.2,22.6,1898.4,851.0,367.04,165.48,51.98,33.9,0.886395,0.145099,1.860595,0.060815,0.263946,7.102284,9.943198,0.049407,12,14,32,2,1,0,0.0,0,0,0,0,85.629272,1,1,0,0,1,8,0,308.265378,3094.831618,7191.740356,12,23,974
91,high,355.740741,170.24,232.52,22.6,2329.641481,1212.6,598.464,269.942222,75.350074,27.12,1.12078,0.169379,1.895659,0.069468,0.295942,7.292755,10.209858,0.063352,12,14,32,4,2,2,1.0,0,0,0,0,132.269317,1,1,0,0,1,8,0,952.339086,4676.820748,12326.223248,12,23,974
92,naked,115.11,49.044,71.066,23.022,1381.32,405.33,79.2792,35.033,23.022,0,0.794565,0.098247,1.762029,0.039783,0.180921,6.647078,9.305909,0.024088,12,14,32,1,0,0,0.0,0,0,0,0,19.661977,1,1,0,0,1,8,0,19.661977,1571.730231,1892.922284,0,0,985
92,low,149.643,83.577,105.599,23.022,1634.562,577.995,120.7188,45.3929,33.3819,11.511,0.846536,0.124763,1.813199,0.050149,0.222812,6.920833,9.689166,0.038169,12,14,32,2,0,0,0.0,0,0,0,0,41.859177,1,1,0,0,1,8,0,83.718354,1928.326769,3603.155335,0,0,985
92,standard,253.242,118.11,163.154,23.022,1933.848,865.77,373.9608,168.5606,52.9506,34.533,0.886433,0.145119,1.862482,0.061263,0.265633,7.102447,9.943426,0.049417,12,14,32,2,1,0,0.0,0,0,0,0,87.254485,1,1,0,0,1,8,0,314.116146,3152.665103,7313.753418,12,23,985
92,high,362.383333,173.3628,236.8244,23.022,2373.141867,1234.122,609.70608,274.9734,76.757053,27.6264,1.120813,0.169393,1.897198,0.069864,0.297378,7.292857,10.21,0.063361,12,14,32,4,2,2,1.0,0,0,0,0,134.774988,1,1,0,0,1,8,0,970.379912,4764.195878,12535.072392,12,23,985
93,naked,117.24,49.896,72.344,23.448,1406.88,411.72,80.8128,35.672,23.448,0,0.794628,0.098279,1.764418,0.040243,0.182821,6.647439,9.306414,0.024105,12,14,32,1,0,0,0.0,0,0,0,0,20.032219,1,1,0,0,1,8,0,20.032219,1600.855922,1924.784692,0,0,995
93,low,152.412,85.068,107.516,23.448,1664.808,587.58,123.0192,46.2236,33.9996,11.724,0.846583,0.124787,1.815403,0.050621,0.224673,6.921063,9.689488,0.038182,12,14,32,2,0,0,0.0,0,0,0,0,42.647539,1,1,0,0,1,8,0,85.295078,1964.046514,3663.794732,0,0,995
93,standard,257.928,120.24,166.136,23.448,1969.632,880.68,380.9472,171.6704,53.9304,35.172,0.88647,0.145138,1.864337,0.061706,0.267295,7.102606,9.943649,0.049428,12,14,32,2,1,0,0.0,0,0,0,0,88.895313,1,1,0,0,1,8,0,320.023128,3211.04677,7436.703564,12,23,995
93,high,369.088889,176.5152,241.1696,23.448,2417.054578,1255.848,621.05472,280.052267,78.177369,28.1376,1.120844,0.169407,1.898707,0.070253,0.298788,7.292955,10.210138,0.063368,12,14,32,4,2,2,1.0,0,0,0,0,137.304632,1,1,0,0,1,8,0,988.593353,4852.399206,12745.520988,12,23,995
94,naked,119.39,50.756,73.634,23.878,1432.68,418.17,82.3608,36.317,23.878,0,0.794689,0.098311,1.76678,0.0407,0.184706,6.64779,9.306906,0.024121,12,14,32,1,0,0,0.0,0,0,0,0,20.406012,1,1,0,0,1,8,0,20.406012,1630.255091,1956.890839,0,0,1006
94,low,155.207,86.573,109.451,23.878,1695.338,597.255,125.3412,47.0621,34.6231,11.939,0.84663,0.124811,1.817575,0.051089,0.226512,6.921286,9.689801,0.038195,12,14,32,2,0,0,0.0,0,0,0,0,43.443444,1,1,0,0,1,8,0,86.886887,2000.101653,3724.897178,0,0,1006
94,standard,262.658,122.39,169.146,23.878,2005.752,895.73,387.9992,174.8094,54.9194,35.817,0.886506,0.145156,1.866159,0.062142,0.268931,7.102761,9.943865,0.049438,12,14,32,2,1,0,0.0,0,0,0,0,90.551753,1,1,0,0,1,8,0,325.986313,3269.976619,7560.588847,12,23,1006
94,high,375.857407,179.6972,245.5556,23.878,2461.379615,1277.778,632.50992,285.178822,79.611021,28.6536,1.120875,0.16942,1.900185,0.070636,0.300173,7.293051,10.210272,0.063376,12,14,32,4,2,2,1.0,0,0,0,0,139.858248,1,1,0,0,1,8,0,1006.979384,4941.430731,12957.56575,12,23,1006
95,naked,121.56,51.624,74.936,24.312,1458.72,424.68,83.9232,36.968,24.312,0,0.794749,0.098341,1.769117,0.041154,0.186576,6.648132,9.307384,0.024137,12,14,32,1,0,0,0.0,0,0,0,0,20.783355,1,1,0,0,1,8,0,20.783355,1659.927738,1989.24024,0,0,1016
95,low,158.028,88.092,111.404,24.312,1726.152,607.02,127.6848,47.9084,35.2524,12.156,0.846674,0.124834,1.819716,0.051551,0.22833,6.921504,9.690105,0.038208,12,14,32,2,0,0,0.0,0,0,0,0,44.24689,1,1,0,0,1,8,0,88.493781,2036.492186,3786.461726,0,0,1016
95,standard,267.432,124.56,172.184,24.312,2042.208,910.92,395.1168,177.9776,55.9176,36.468,0.886541,0.145174,1.867948,0.062573,0.270542,7.102911,9.944076,0.049449,12,14,32,2,1,0,0.0,0,0,0,0,92.223803,1,1,0,0,1,8,0,332.005692,3329.45465,7685.407347,12,23,1016
95,high,382.688889,182.9088,249.9824,24.312,2506.116978,1299.912,644.07168,290.353067,81.058009,29.1744,1.120905,0.169432,1.901634,0.071013,0.301533,7.293145,10.210403,0.063384,12,14,32,4,2,2,1.0,0,0,0,0,142.43583,1,1,0,0,1,8,0,1025.537979,5031.290454,13171.203434,12,23,1016
96,naked,123.75,52.5,76.25,24.75,1485.0,431.25,85.5,37.625,24.75,0,0.794807,0.098371,1.771429,0.041606,0.18843,6.648464,9.30785,0.024153,12,14,32,1,0,0,0.0,0,0,0,0,21.164249,1,1,0,0,1,8,0,21.164249,1689.873864,2021.832418,0,0,1027
96,low,160.875,89.625,113.375,24.75,1757.25,616.875,130.05,48.7625,35.8875,12.375,0.846718,0.124856,1.821826,0.05201,0.230126,6.921715,9.690402,0.03822,12,14,32,2,0,0,0.0,0,0,0,0,45.057878,1,1,0,0,1,8,0,90.115755,2073.218114,3848.487436,0,0,1027
96,standard,272.25,126.75,175.25,24.75,2079.0,926.25,402.3,181.175,56.925,37.125,0.886575,0.145192,1.869707,0.062997,0.272128,7.103058,9.944281,0.049458,12,14,32,2,1,0,0.0,0,0,0,0,93.91146,1,1,0,0,1,8,0,338.081257,3389.480864,7811.157165,12,23,1027
96,high,389.583333,186.15,254.45,24.75,2551.266667,1322.25,655.74,295.575,82.518333,29.7,1.120934,0.169445,1.903054,0.071384,0.302868,7.293236,10.21053,0.063391,12,14,32,4,2,2,1.0,0,0,0,0,145.037377,1,1,0,0,1,8,0,1044.269114,5121.978375,13386.430839,12,23,1027
97,naked,125.96,53.384,77.576,25.192,1511.52,437.88,87.0912,38.288,25.192,0,0.794863,0.098399,1.773715,0.042055,0.190268,6.648788,9.308303,0.024168,12,14,32,1,0,0,0.0,0,0,0,0,21.548693,1,1,0,0,1,8,0,21.548693,1720.093467,2054.666897,0,0,1037
97,low,163.748,91.172,115.364,25.192,1788.632,626.82,132.4368,49.6244,36.5284,12.596,0.846761,0.124878,1.823906,0.052463,0.231901,6.921921,9.69069,0.038232,12,14,32,2,0,0,0.0,0,0,0,0,45.876405,1,1,0,0,1,8,0,91.752809,2110.279435,3910.973382,0,0,1037
97,standard,277.112,128.96,178.344,25.192,2116.128,941.72,409.5488,184.4016,57.9416,37.788,0.886609,0.145209,1.871434,0.063416,0.27369,7.1032,9.94448,0.049468,12,14,32,2,1,0,0.0,0,0,0,0,95.614722,1,1,0,0,1,8,0,344.212999,3450.055259,7937.836428,12,23,1037
97,high,396.540741,189.4208,258.9584,25.192,2596.828681,1344.792,667.51488,300.844622,83.991994,30.2304,1.120963,0.169457,1.904446,0.071748,0.30418,7.293324,10.210654,0.063398,12,14,32,4,2,2,1.0,0,0,0,0,147.662884,1,1,0,0,1,8,0,1063.172766,5213.494493,13603.2448,12,23,1037
98,naked,128.19,54.276,78.914,25.638,1538.28,444.57,88.6968,38.957,25.638,0,0.794918,0.098428,1.775976,0.0425,0.192092,6.649103,9.308744,0.024182,12,14,32,1,0,0,0.0,0,0,0,0,21.936687,1,1,0,0,1,8,0,21.936687,1750.58655,2087.74321,0,0,1048
98,low,166.647,92.733,117.371,25.638,1820.298,636.855,134.8452,50.4941,37.1751,12.819,0.846802,0.124899,1.825957,0.052913,0.233655,6.922122,9.690971,0.038243,12,14,32,2,0,0,0.0,0,0,0,0,46.70247,1,1,0,0,1,8,0,93.404941,2147.676152,3973.918647,0,0,1048
98,standard,282.018,131.19,181.466,25.638,2153.592,957.33,416.8632,187.6574,58.9674,38.457,0.886641,0.145225,1.873132,0.063829,0.275227,7.103339,9.944675,0.049477,12,14,32,2,1,0,0.0,0,0,0,0,97.333586,1,1,0,0,1,8,0,350.400909,3511.177838,8065.443283,12,23,1048
98,high,403.561111,192.7212,263.5076,25.638,2642.803022,1367.538,679.39632,306.161933,85.478991,30.7656,1.12099,0.169469,1.905811,0.072107,0.305467,7.29341,10.210775,0.063405,12,14,32,4,2,2,1.0,0,0,0,0,150.312349,1,1,0,0,1,8,0,1082.24891,5305.83881,13821.642197,12,23,1048
99,naked,130.44,55.176,80.264,26.088,1565.28,451.32,90.3168,39.632,26.088,0,0.794972,0.098455,1.778211,0.042943,0.193899,6.64941,9.309174,0.024196,12,14,32,1,0,0,0.0,0,0,0,0,22.328231,1,1,0,0,1,8,0,22.328231,1781.35311,2121.060891,0,0,1058
99,low,169.572,94.308,119.396,26.088,1852.248,646.98,137.2752,51.3716,37.8276,13.044,0.846843,0.12492,1.827978,0.053357,0.235388,6.922317,9.691244,0.038254,12,14,32,2,0,0,0.0,0,0,0,0,47.536074,1,1,0,0,1,8,0,95.072148,2185.408262,4037.322323,0,0,1058
99,standard,286.968,133.44,184.616,26.088,2191.392,973.08,424.2432,190.9424,60.0024,39.132,0.886673,0.145241,1.8748,0.064237,0.276741,7.103474,9.944864,0.049486,12,14,32,2,1,0,0.0,0,0,0,0,99.068049,1,1,0,0,1,8,0,356.644978,3572.848598,8193.975902,12,23,1058
99,high,410.644444,196.0512,268.0976,26.088,2689.189689,1390.488,691.38432,311.526933,86.979324,31.3056,1.121017,0.16948,1.907149,0.072459,0.306732,7.293494,10.210892,0.063412,12,14,32,4,2,2,1.0,0,0,0,0,152.985767,1,1,0,0,1,8,0,1101.497526,5399.011325,14041.619944,12,23,1058
100,naked,132.71,56.084,81.626,26.542,1592.52,458.13,91.9512,40.313,26.542,0,0.795024,0.098482,1.780422,0.043383,0.195692,6.649709,9.309592,0.02421,12,14,32,1,0,0,0.0,0,0,0,0,22.723324,1,1,0,0,1,8,0,22.723324,1812.393149,2154.61948,0,0,0
100,low,172.523,95.897,121.439,26.542,1884.482,657.195,139.7268,52.2569,38.4859,13.271,0.846882,0.12494,1.82997,0.053798,0.2371,6.922508,9.691511,0.038265,12,14,32,2,0,0,0.0,0,0,0,0,48.377214,1,1,0,0,1,8,0,96.754428,2223.475767,4101.183515,0,0,0
100,standard,291.962,135.71,187.794,26.542,2229.528,988.97,431.6888,194.2566,61.0466,39.813,0.886704,0.145257,1.876438,0.064639,0.278232,7.103606,9.945049,0.049495,12,14,32,2,1,0,0.0,0,0,0,0,100.81811,1,1,0,0,1,8,0,362.945197,3635.067541,8323.432476,12,23,0
100,high,417.790741,199.4108,272.7284,26.542,2735.988681,1413.642,703.47888,316.939622,88.492994,31.8504,1.121044,0.169491,1.908461,0.072806,0.307974,7.293576,10.211007,0.063418,12,14,32,4,2,2,1.0,0,0,0,0,155.683137,1,1,0,0,1,8,0,1120.918589,5493.012037,14263.174996,12,23,0
