玩家等级,地图等级,敌人等级,实际等级差,类型,稳态TTK,离散TTK,等级修正
6,1,1,5,普通,1.159533,0.577181,1.094174
11,1,1,10,普通,0.614956,0.56036,1.197217
7,1,2,5,精英,5.065185,4.661477,1.094174
12,1,2,10,精英,3.070872,3.093833,1.197217
9,1,4,5,头目,10.109517,9.909227,1.094174
14,1,4,10,头目,5.108747,5.071987,1.197217
11,1,6,5,BOSS,21.045572,20.89998,1.094174
16,1,6,10,BOSS,9.688614,9.739243,1.197217
1,1,6,-5,BOSS,65.0,65.156845,0.913931
10,5,5,5,普通,1.044121,0.561958,1.094174
15,5,5,10,普通,0.488531,0.553482,1.197217
11,5,6,5,精英,5.084775,4.565701,1.094174
16,5,6,10,精英,2.370403,2.587331,1.197217
1,5,6,-5,精英,15.342518,15.670238,0.913931
13,5,8,5,头目,8.316025,8.35647,1.094174
18,5,8,10,头目,4.827465,4.630088,1.197217
3,5,8,-5,头目,32.584205,32.463867,0.913931
15,5,10,5,BOSS,15.774413,15.923424,1.094174
20,5,10,10,BOSS,10.180127,10.354691,1.197217
5,5,10,-5,BOSS,67.379065,67.185183,0.913931
15,10,10,5,普通,1.011746,0.553482,1.094174
20,10,10,10,普通,0.668132,0.527778,1.197217
5,10,10,-5,普通,4.103201,4.544267,0.913931
16,10,11,5,精英,4.79803,4.659044,1.094174
21,10,11,10,精英,3.140275,2.80044,1.197217
6,10,11,-5,精英,19.659734,19.545741,0.913931
18,10,13,5,头目,9.686777,9.697764,1.094174
23,10,13,10,头目,5.921523,5.581282,1.197217
8,10,13,-5,头目,36.503951,36.45817,0.913931
20,10,15,5,BOSS,20.429743,20.468521,1.094174
25,10,15,10,BOSS,12.569075,12.46146,1.197217
10,10,15,-5,BOSS,70.037095,70.013113,0.913931
25,20,20,5,普通,1.513456,1.496782,1.094174
30,20,20,10,普通,1.115864,1.480097,1.197217
15,20,20,-5,普通,3.654378,3.620254,0.913931
26,20,21,5,精英,6.957811,6.597271,1.094174
31,20,21,10,精英,5.091295,4.929159,1.197217
16,20,21,-5,精英,17.382536,17.521676,0.913931
28,20,23,5,头目,15.155603,15.139697,1.094174
33,20,23,10,头目,11.148609,11.195657,1.197217
18,20,23,-5,头目,35.006112,35.018175,0.913931
30,20,25,5,BOSS,32.437123,32.459736,1.094174
35,20,25,10,BOSS,23.932349,23.972177,1.197217
20,20,25,-5,BOSS,74.452874,74.104101,0.913931
35,30,30,5,普通,1.925906,1.623774,1.094174
40,30,30,10,普通,1.468619,1.448153,1.197217
25,30,30,-5,普通,3.479516,3.550427,0.913931
36,30,31,5,精英,8.911284,8.652861,1.094174
41,30,31,10,精英,6.746142,6.515902,1.197217
26,30,31,-5,精英,16.459349,16.483784,0.913931
38,30,33,5,头目,19.630674,19.520047,1.094174
43,30,33,10,头目,14.914056,14.995362,1.197217
28,30,33,-5,头目,35.94445,35.993474,0.913931
40,30,35,5,BOSS,42.697552,42.664911,1.094174
45,30,35,10,BOSS,32.488826,32.571102,1.197217
30,30,35,-5,BOSS,77.891886,77.611669,0.913931
55,50,50,5,普通,2.145178,2.447801,1.094174
60,50,50,10,普通,1.711495,1.421733,1.197217
45,50,50,-5,普通,3.468997,3.452132,0.913931
56,50,51,5,精英,10.024246,10.101699,1.094174
61,50,51,10,精英,7.945864,7.975624,1.197217
46,50,51,-5,精英,16.496577,16.340348,0.913931
58,50,53,5,头目,22.668067,22.469691,1.094174
63,50,53,10,头目,17.996189,18.111836,1.197217
48,50,53,-5,头目,37.165852,37.197608,0.913931
60,50,55,5,BOSS,50.412446,50.167393,1.094174
65,50,55,10,BOSS,40.021394,40.02197,1.197217
50,50,55,-5,BOSS,82.656057,82.232396,0.913931
75,70,70,5,普通,2.25795,2.443694,1.094174
80,70,70,10,普通,1.852652,1.578803,1.197217
65,70,70,-5,普通,3.416259,3.434232,0.913931
76,70,71,5,精英,10.669841,10.382494,1.094174
81,70,71,10,精英,8.704616,8.31588,1.197217
66,70,71,-5,精英,16.37785,16.252516,0.913931
78,70,73,5,头目,24.652337,24.387135,1.094174
83,70,73,10,头目,20.123917,20.200642,1.197217
68,70,73,-5,头目,37.787741,37.715822,0.913931
80,70,75,5,BOSS,55.722383,55.461519,1.094174
85,70,75,10,BOSS,45.455028,45.23685,1.197217
70,70,75,-5,BOSS,85.545674,85.01164,0.913931
95,100,100,-5,普通,3.340719,3.42857,0.913931
96,100,101,-5,精英,16.15193,16.223474,0.913931
98,100,103,-5,头目,38.15186,38.021569,0.913931
100,100,105,-5,BOSS,87.895925,87.288495,0.913931
