map_level,level,kind,name,armor,resist,period,aps,windup,recovery,range,move,hp,ttk_target,expected_dps,attack,skill_min,skill_max,phase_period,phase_move,ehp,cp,ttk_discrete,ttk_p10,ttk_p90,xp
1,2,elite,精英,3.0,0.05,2.2,0.454545,0.6,0.35,1.8,3.6,10.257989,7.0,1.465427,7.164288,7.164288,10.746432,2.2,3.6,11.275209,118.974578,6.79189,6.830952,6.830952,18
2,3,elite,精英,3.186,0.05,2.2,0.454545,0.6,0.35,1.8,3.607317,11.147376,7.078421,1.574839,7.625446,7.625446,11.438169,2.2,3.607317,12.25279,126.789036,6.729298,6.767971,6.767971,18
3,4,elite,精英,3.384,0.05,2.2,0.454545,0.6,0.35,1.8,3.614286,12.096215,7.153767,1.690887,8.116439,8.116439,12.174658,2.2,3.614286,13.29572,135.047818,7.458449,6.711161,7.93748,19
4,5,elite,精英,3.594,0.05,2.2,0.454545,0.6,0.35,1.8,3.62093,13.105303,7.226159,1.813592,8.637262,8.637262,12.955894,2.2,3.62093,14.404874,143.748171,7.401037,6.659904,7.876123,20
5,6,elite,精英,3.816,0.05,2.2,0.454545,0.6,0.35,1.8,3.627273,14.175387,7.295712,1.942975,9.187914,9.187914,13.781871,2.2,3.627273,15.581071,152.887337,7.330343,6.613616,7.820736,20
6,7,elite,精英,4.05,0.05,2.2,0.454545,0.6,0.35,1.8,3.633333,15.307159,7.362538,2.07906,9.768391,9.768391,14.652586,2.2,3.633333,16.825073,162.462547,7.283616,6.571759,7.770675,21
7,8,elite,精英,4.296,0.05,2.2,0.454545,0.6,0.35,1.8,3.63913,18.867031,7.426744,2.540418,11.843148,11.843148,17.764722,2.2,3.63913,20.858223,194.755124,7.241304,6.533847,7.725354,22
8,9,elite,精英,4.554,0.05,2.2,0.454545,0.6,0.35,1.8,3.644681,20.304264,7.488433,2.711417,12.571699,12.571699,18.857549,2.2,3.644681,22.447139,206.525711,7.647223,7.684248,7.684248,22
9,10,elite,精英,4.824,0.05,2.2,0.454545,0.6,0.35,1.8,3.65,23.676741,7.547702,3.136947,13.809335,13.809335,20.714002,2.2,3.65,26.256752,229.770251,7.58069,7.635943,7.635943,23
10,11,elite,精英,5.106,0.05,2.2,0.454545,0.6,0.35,1.8,3.655102,25.397767,7.604647,3.339769,14.633346,14.633346,21.950019,2.2,3.655102,28.165316,243.144365,7.546356,7.601351,7.601351,24
11,12,elite,精英,5.4,0.05,2.2,0.454545,0.6,0.35,1.8,3.66,27.19914,7.65936,3.551098,18.148394,18.148394,27.222591,2.2,3.66,30.162981,280.388534,7.514946,7.569706,7.569706,24
12,13,elite,精英,5.706,0.05,2.2,0.454545,0.6,0.35,1.8,3.664706,29.081377,7.711927,3.770961,19.191777,19.191777,28.787666,2.2,3.664706,32.250322,296.032454,7.486138,7.540684,7.540684,25
13,14,elite,精英,6.024,0.05,2.2,0.454545,0.6,0.35,1.8,3.669231,40.796881,7.762433,5.255682,20.276202,20.276202,30.414303,2.2,3.669231,45.416061,344.000116,7.872397,7.650719,8.664105,26
14,15,elite,精英,6.354,0.05,2.2,0.454545,0.6,0.35,1.8,3.673585,43.406726,7.810959,5.557157,21.40167,21.40167,32.102506,2.2,3.673585,48.321402,362.19229,7.842993,7.637482,8.649226,26
15,16,elite,精英,6.696,0.05,2.2,0.454545,0.6,0.35,1.8,3.677778,50.905897,7.857582,6.47857,25.131912,25.131912,37.697867,2.2,3.677778,56.845583,418.852951,7.830302,7.625098,8.635329,27
16,17,elite,精英,7.05,0.05,2.2,0.454545,0.6,0.35,1.8,3.681818,54.020212,7.902377,6.835945,26.476123,26.476123,39.714185,2.2,3.681818,60.323275,440.130038,7.802642,7.613486,8.62232,28
17,18,elite,精英,7.416,0.05,2.2,0.454545,0.6,0.35,1.8,3.685714,61.059738,7.945415,7.684902,28.621396,28.621396,42.932095,2.2,3.685714,68.304114,479.870063,7.77699,7.588076,8.595618,28
18,19,elite,精英,7.794,0.05,2.2,0.454545,0.6,0.35,1.8,3.689474,64.639971,7.986766,8.093385,30.09538,30.09538,45.143069,2.2,3.689474,72.30912,503.296675,7.765937,7.577247,8.583594,29
19,20,elite,精英,8.184,0.05,2.2,0.454545,0.6,0.35,1.8,3.693103,68.347085,8.026495,8.515184,34.393335,34.393335,51.590003,2.2,3.693103,76.456061,552.369027,8.21097,7.566989,8.572227,30
20,21,elite,精英,8.586,0.05,2.2,0.454545,0.6,0.35,1.8,3.69661,72.181403,8.064667,8.950326,36.096994,36.096994,54.145492,2.2,3.69661,80.745298,578.24996,8.20057,7.557248,8.561458,30
21,22,elite,精英,9.0,0.05,2.2,0.454545,0.6,0.35,1.8,3.7,76.1432,8.101342,9.398838,44.053496,44.053496,66.080244,2.2,3.7,85.177139,657.442217,8.175013,7.54798,8.551234,31
22,23,elite,精英,9.426,0.05,2.2,0.454545,0.6,0.35,1.8,3.703279,80.232714,8.136579,9.860743,46.161712,46.161712,69.242567,2.2,3.703279,89.751849,687.090616,8.165619,7.539141,8.541505,31
23,24,elite,精英,9.864,0.05,2.2,0.454545,0.6,0.35,1.8,3.706452,98.048043,8.170434,12.000347,48.329724,48.329724,72.494586,2.2,3.706452,108.78323,753.78159,8.156655,7.530696,8.53223,32
24,25,elite,精英,10.314,0.05,2.2,0.454545,0.6,0.35,1.8,3.709524,103.093239,8.202962,12.567807,50.557534,50.557534,75.836301,2.2,3.709524,114.38082,786.453071,8.226269,7.52261,8.52337,33
25,26,elite,精英,10.776,0.05,2.2,0.454545,0.6,0.35,1.8,3.7125,108.287276,8.234214,13.150894,52.845145,52.845145,79.267717,2.2,3.7125,120.143547,819.878961,8.202379,7.514855,8.51489,33
26,27,elite,精英,11.25,0.05,2.2,0.454545,0.6,0.35,1.8,3.715385,113.630266,8.264241,13.749631,55.192556,55.192556,82.788835,2.2,3.715385,126.071536,854.054848,8.444301,7.507402,9.506119,34
27,28,elite,精英,11.736,0.05,2.2,0.454545,0.6,0.35,1.8,3.718182,119.122286,8.293091,14.36404,57.599771,57.599771,86.399656,2.2,3.718182,132.164872,888.976398,8.436532,7.500228,9.497677,35
28,29,elite,精英,12.234,0.05,2.2,0.454545,0.6,0.35,1.8,3.720896,124.763384,8.320809,14.994141,60.066789,60.066789,90.100184,2.2,3.720896,138.423609,924.639357,8.429058,7.493312,9.489571,35
29,30,elite,精英,12.744,0.05,2.2,0.454545,0.6,0.35,1.8,3.723529,130.55358,8.34744,15.639954,62.593613,62.593613,93.890419,2.2,3.723529,144.847768,961.03955,8.421857,7.486634,9.481776,36
30,31,elite,精英,13.266,0.05,2.2,0.454545,0.6,0.35,1.8,3.726087,136.492867,8.373028,16.301495,65.180243,65.180243,97.770364,2.2,3.726087,151.437341,998.172876,8.414907,7.480177,9.474269,37
31,32,elite,精英,13.8,0.05,2.2,0.454545,0.6,0.35,1.8,3.728571,142.581214,8.397612,16.978782,67.82668,67.82668,101.74002,2.2,3.728571,158.192296,1036.035311,8.408192,7.473925,9.467028,37
32,33,elite,精英,14.346,0.05,2.2,0.454545,0.6,0.35,1.8,3.730986,148.818571,8.421232,17.67183,70.532925,70.532925,105.799388,2.2,3.730986,165.112575,1074.622908,8.401694,7.467863,9.460036,38
33,34,elite,精英,14.904,0.05,2.2,0.454545,0.6,0.35,1.8,3.733333,155.204866,8.443925,18.380653,73.298979,73.298979,109.948469,2.2,3.733333,172.198099,1113.931792,8.395399,7.46198,9.453275,39
34,35,elite,精英,15.474,0.05,2.2,0.454545,0.6,0.35,1.8,3.735616,161.74001,8.465729,19.105266,76.124843,76.124843,114.187265,2.2,3.735616,179.44877,1153.958162,8.389294,7.456263,9.446729,39
35,36,elite,精英,16.056,0.05,2.2,0.454545,0.6,0.35,1.8,3.737838,168.423898,8.486678,19.845679,79.010518,79.010518,118.515777,2.2,3.737838,186.86447,1194.698289,8.383367,7.450703,9.440386,40
36,37,elite,精英,16.65,0.05,2.2,0.454545,0.6,0.35,1.8,3.74,175.256411,8.506806,20.601905,81.956004,81.956004,122.934006,2.2,3.74,194.445069,1236.148517,8.595146,8.43976,9.434231,41
37,38,elite,精英,17.256,0.05,2.2,0.454545,0.6,0.35,1.8,3.742105,182.237416,8.526144,21.373954,84.961302,84.961302,127.441953,2.2,3.742105,202.190418,1278.30526,8.589465,8.434133,9.428254,41
38,39,elite,精英,17.874,0.05,2.2,0.454545,0.6,0.35,1.8,3.744156,189.366771,8.544725,22.161834,88.026413,88.026413,132.039619,2.2,3.744156,210.100359,1321.165,8.568407,8.428655,9.422444,42
39,40,elite,精英,18.504,0.05,2.2,0.454545,0.6,0.35,1.8,3.746154,196.644321,8.562576,22.965556,91.151336,91.151336,136.727004,2.2,3.746154,218.174721,1364.724289,8.563025,8.423318,9.416791,43
40,41,elite,精英,19.146,0.05,2.2,0.454545,0.6,0.35,1.8,3.748101,204.069903,8.579728,23.785125,94.336074,94.336074,141.50411,2.2,3.748101,226.413323,1408.979748,8.557778,8.418113,9.411288,43
41,42,elite,精英,19.8,0.05,2.2,0.454545,0.6,0.35,1.8,3.75,211.643349,8.596207,24.620551,97.580625,97.580625,146.370937,2.2,3.75,234.815979,1453.928062,8.552659,8.413033,9.405924,44
42,43,elite,精英,20.466,0.05,2.2,0.454545,0.6,0.35,1.8,3.751852,219.364481,8.61204,25.471838,100.884991,100.884991,151.327487,2.2,3.751852,243.38249,1499.565983,8.547661,8.408074,9.400695,45
43,44,elite,精英,21.144,0.05,2.2,0.454545,0.6,0.35,1.8,3.753659,227.233118,8.627252,26.338991,104.249172,104.249172,156.373758,2.2,3.753659,252.112657,1545.890328,8.542779,8.403228,9.395592,45
44,45,elite,精英,21.834,0.05,2.2,0.454545,0.6,0.35,1.8,3.755422,235.249073,8.641868,27.222017,107.673169,107.673169,161.509753,2.2,3.755422,261.006271,1592.897977,8.538007,8.39849,9.39061,46
45,46,elite,精英,22.536,0.05,2.2,0.454545,0.6,0.35,1.8,3.757143,243.412156,8.65591,28.120919,111.156981,111.156981,166.735472,2.2,3.757143,270.063122,1640.585873,8.53334,8.393855,9.385742,47
46,47,elite,精英,23.25,0.05,2.2,0.454545,0.6,0.35,1.8,3.758824,251.722174,8.669402,29.035701,114.70061,114.70061,172.050914,2.2,3.758824,279.282996,1688.951019,8.528773,8.38932,9.380985,47
47,48,elite,精英,23.976,0.05,2.2,0.454545,0.6,0.35,1.8,3.760465,260.178933,8.682365,29.966366,118.304055,118.304055,177.456082,2.2,3.760465,288.665678,1737.990482,8.524302,8.384879,9.376332,48
48,49,elite,精英,24.714,0.05,2.2,0.454545,0.6,0.35,1.8,3.762069,268.782237,8.69482,30.912916,121.967317,121.967317,182.950975,2.2,3.762069,298.210949,1787.701385,8.519924,8.38053,9.371781,49
49,50,elite,精英,25.464,0.05,2.2,0.454545,0.6,0.35,1.8,3.763636,277.531889,8.706786,31.875354,125.690396,125.690396,188.535594,2.2,3.763636,307.918592,1838.080911,8.517828,8.378461,9.369518,49
50,51,elite,精英,26.226,0.05,2.2,0.454545,0.6,0.35,1.8,3.765169,286.427692,8.718283,32.853681,129.473292,129.473292,194.209938,2.2,3.765169,317.788388,1889.126299,8.516324,8.376983,9.367855,50
51,52,elite,精英,27.0,0.05,2.2,0.454545,0.6,0.35,1.8,3.766667,295.46945,8.729329,33.847898,133.316006,133.316006,199.974009,2.2,3.766667,327.82012,1940.834848,8.901876,8.375569,9.366265,51
52,53,elite,精英,27.786,0.05,2.2,0.454545,0.6,0.35,1.8,3.768132,304.656969,8.739943,34.858006,137.218538,137.218538,205.827807,2.2,3.768132,338.013571,1993.203906,8.900433,8.374215,9.364742,51
53,54,elite,精英,28.584,0.05,2.2,0.454545,0.6,0.35,1.8,3.769565,313.990054,8.75014,35.884005,141.180888,141.180888,211.771333,2.2,3.769565,348.368527,2046.230882,8.89905,8.372919,9.363284,52
54,55,elite,精英,29.394,0.05,2.2,0.454545,0.6,0.35,1.8,3.770968,323.468514,8.759937,36.925896,145.203057,145.203057,217.804585,2.2,3.770968,358.884775,2099.913232,8.897726,8.371677,9.361886,53
55,56,elite,精英,30.216,0.05,2.2,0.454545,0.6,0.35,1.8,3.77234,333.09216,8.76935,37.983678,149.285044,149.285044,223.927566,2.2,3.77234,369.562105,2154.248467,8.896455,8.370486,9.360546,53
56,57,elite,精英,31.05,0.05,2.2,0.454545,0.6,0.35,1.8,3.773684,342.860805,8.778394,39.057351,153.42685,153.42685,230.140274,2.2,3.773684,380.40031,2209.23415,8.895237,8.369343,9.359261,54
57,58,elite,精英,31.896,0.05,2.2,0.454545,0.6,0.35,1.8,3.775,352.774265,8.787083,40.146914,157.628474,157.628474,236.442712,2.2,3.775,391.399185,2264.86789,8.894067,8.368246,9.358027,55
58,59,elite,精英,32.754,0.05,2.2,0.454545,0.6,0.35,1.8,3.776289,362.83236,8.795432,41.252366,161.889918,161.889918,242.834877,2.2,3.776289,402.55853,2321.147349,8.892943,8.367192,9.356841,55
59,60,elite,精英,33.624,0.05,2.2,0.454545,0.6,0.35,1.8,3.777551,373.034911,8.803453,42.373705,166.211181,166.211181,249.316772,2.2,3.777551,413.87815,2378.070232,8.891864,8.36618,9.355703,56
60,61,elite,精英,34.506,0.05,2.2,0.454545,0.6,0.35,1.8,3.778788,383.381746,8.81116,43.51093,170.592264,170.592264,255.888395,2.2,3.778788,425.35785,2435.634296,8.890826,8.365207,9.354608,57
61,62,elite,精英,35.4,0.05,2.2,0.454545,0.6,0.35,1.8,3.78,393.872695,8.818564,44.664039,175.033166,175.033166,262.549748,2.2,3.78,436.997443,2493.837338,8.889828,8.364271,9.353555,57
62,63,elite,精英,36.306,0.05,2.2,0.454545,0.6,0.35,1.8,3.781188,404.507592,8.825678,45.833032,179.533887,179.533887,269.300831,2.2,3.781188,448.796744,2552.677204,8.888867,8.36337,9.352541,58
63,64,elite,精英,37.224,0.05,2.2,0.454545,0.6,0.35,1.8,3.782353,415.286275,8.832514,47.017904,184.094429,184.094429,276.141643,2.2,3.782353,460.755575,2612.151781,8.887942,8.362503,9.351566,59
64,65,elite,精英,38.154,0.05,2.2,0.454545,0.6,0.35,1.8,3.783495,426.208586,8.839081,48.218655,188.71479,188.71479,283.072185,2.2,3.783495,472.87376,2672.259,8.871599,8.361667,9.350626,59
65,66,elite,精英,39.096,0.05,2.2,0.454545,0.6,0.35,1.8,3.784615,437.274373,8.845391,49.435282,193.394972,193.394972,290.092458,2.2,3.784615,485.151129,2732.996831,8.870742,8.360862,9.34972,60
66,67,elite,精英,40.05,0.05,2.2,0.454545,0.6,0.35,1.8,3.785714,448.483487,8.851453,50.667782,198.134973,198.134973,297.20246,2.2,3.785714,497.587518,2794.363286,8.869916,8.360086,9.348847,60
67,68,elite,精英,41.016,0.05,2.2,0.454545,0.6,0.35,1.8,3.786792,459.835782,8.857277,51.916154,202.934795,202.934795,304.402193,2.2,3.786792,510.182765,2856.356417,8.86912,8.359338,9.348005,61
68,69,elite,精英,41.994,0.05,2.2,0.454545,0.6,0.35,1.8,3.78785,471.331119,8.862874,53.180394,207.794438,207.794438,311.691657,2.2,3.78785,522.936716,2918.974314,9.069156,8.358616,10.33577,62
69,70,elite,精英,42.984,0.05,2.2,0.454545,0.6,0.35,1.8,3.788889,482.969362,8.86825,54.460501,212.7139,212.7139,319.070851,2.2,3.788889,535.84922,2982.215105,9.068396,8.357919,10.334899,62
70,71,elite,精英,43.986,0.05,2.2,0.454545,0.6,0.35,1.8,3.789908,494.750381,8.873416,55.75647,217.693184,217.693184,326.539776,2.2,3.789908,548.92013,3046.076952,9.067662,8.357246,10.334057,63
71,72,elite,精英,45.0,0.05,2.2,0.454545,0.6,0.35,1.8,3.790909,506.674047,8.87838,57.0683,222.732288,222.732288,334.098432,2.2,3.790909,562.149308,3110.558056,9.066954,8.356596,10.333245,64
72,73,elite,精英,46.026,0.05,2.2,0.454545,0.6,0.35,1.8,3.791892,518.74024,8.883149,58.395988,227.831213,227.831213,341.746819,2.2,3.791892,575.536616,3175.656651,9.066269,8.355967,10.332459,64
73,74,elite,精英,47.064,0.05,2.2,0.454545,0.6,0.35,1.8,3.792857,530.94884,8.88773,59.73953,232.989958,232.989958,349.484937,2.2,3.792857,589.081925,3241.371005,9.065607,8.35536,10.3317,65
74,75,elite,精英,48.114,0.05,2.2,0.454545,0.6,0.35,1.8,3.793805,543.299735,8.892133,61.098924,238.208524,238.208524,357.312787,2.2,3.793805,602.785108,3307.699419,9.064967,8.354772,10.330966,66
75,76,elite,精英,49.176,0.05,2.2,0.454545,0.6,0.35,1.8,3.794737,555.792816,8.896362,62.474167,243.486912,243.486912,365.230368,2.2,3.794737,616.646044,3374.640226,9.064348,8.354204,10.330255,66
76,77,elite,精英,50.25,0.05,2.2,0.454545,0.6,0.35,1.8,3.795652,568.427976,8.900426,63.865256,248.82512,248.82512,373.23768,2.2,3.795652,630.664616,3442.19179,9.063748,8.353654,10.329568,67
77,78,elite,精英,51.336,0.05,2.2,0.454545,0.6,0.35,1.8,3.796552,581.205117,8.90433,65.272188,254.223149,254.223149,381.334724,2.2,3.796552,644.840713,3510.352506,9.063168,8.353122,10.328902,68
78,79,elite,精英,52.434,0.05,2.2,0.454545,0.6,0.35,1.8,3.797436,594.124139,8.908081,66.69496,259.681,259.681,389.5215,2.2,3.797436,659.174228,3579.120799,9.062606,8.352606,10.328258,68
79,80,elite,精英,53.544,0.05,2.2,0.454545,0.6,0.35,1.8,3.798305,607.184953,8.911686,68.133569,265.198672,265.198672,397.798008,2.2,3.798305,673.665057,3648.495121,9.062061,8.352107,10.327633,69
80,81,elite,精英,54.666,0.05,2.2,0.454545,0.6,0.35,1.8,3.79916,620.387467,8.915149,69.588013,270.776165,270.776165,406.164247,2.2,3.79916,688.313103,3718.473954,9.061534,8.351622,10.327028,70
81,82,elite,精英,55.8,0.05,2.2,0.454545,0.6,0.35,1.8,3.8,633.731599,8.918476,71.058287,276.413479,276.413479,414.620218,2.2,3.8,703.118271,3789.055806,9.061022,8.351153,10.326442,70
82,83,elite,精英,56.946,0.05,2.2,0.454545,0.6,0.35,1.8,3.800826,647.217267,8.921672,72.54439,282.110615,282.110615,423.165922,2.2,3.800826,718.080471,3860.239212,9.060527,8.350698,10.325873,71
83,84,elite,精英,58.104,0.05,2.2,0.454545,0.6,0.35,1.8,3.801639,660.844393,8.924743,74.046318,287.867572,287.867572,431.801357,2.2,3.801639,733.199619,3932.022732,9.060046,8.350257,10.325321,72
84,85,elite,精英,59.274,0.05,2.2,0.454545,0.6,0.35,1.8,3.802439,674.612905,8.927694,75.564068,293.68435,293.68435,440.526525,2.2,3.802439,748.475632,4004.404952,9.059579,8.349829,10.324786,72
85,86,elite,精英,60.456,0.05,2.2,0.454545,0.6,0.35,1.8,3.803226,688.522732,8.930529,77.097638,299.56095,299.56095,449.341425,2.2,3.803226,763.908432,4077.384482,9.059126,8.349413,10.324266,73
86,87,elite,精英,61.65,0.05,2.2,0.454545,0.6,0.35,1.8,3.804,702.573807,8.933253,78.647025,305.497372,305.497372,458.246057,2.2,3.804,779.497947,4150.959956,9.058686,8.349009,10.323762,74
87,88,elite,精英,62.856,0.05,2.2,0.454545,0.6,0.35,1.8,3.804762,716.766069,8.935871,80.212225,311.493615,311.493615,467.240422,2.2,3.804762,795.244105,4225.130031,9.058259,8.348618,10.323272,74
88,89,elite,精英,64.074,0.05,2.2,0.454545,0.6,0.35,1.8,3.805512,731.099455,8.938385,81.793237,317.549679,317.549679,476.324519,2.2,3.805512,811.146841,4299.893385,9.057844,8.348237,10.322796,75
89,90,elite,精英,65.304,0.05,2.2,0.454545,0.6,0.35,1.8,3.80625,745.57391,8.940801,83.390056,323.665566,323.665566,485.498349,2.2,3.80625,827.20609,4375.248721,9.057441,8.347867,10.322334,76
90,91,elite,精英,66.546,0.05,2.2,0.454545,0.6,0.35,1.8,3.806977,760.189381,8.943122,85.002682,329.841274,329.841274,494.761911,2.2,3.806977,843.421795,4451.19476,9.057049,8.347508,10.321885,76
91,92,elite,精英,67.8,0.05,2.2,0.454545,0.6,0.35,1.8,3.807692,774.945815,8.945353,86.631109,336.076803,336.076803,504.115205,2.2,3.807692,859.793897,4527.730245,9.056669,8.347158,10.321448,77
92,93,elite,精英,69.066,0.05,2.2,0.454545,0.6,0.35,1.8,3.808397,789.843166,8.947495,88.275337,342.372155,342.372155,513.558232,2.2,3.808397,876.322345,4604.853939,9.056298,8.346819,10.321023,78
93,94,elite,精英,70.344,0.05,2.2,0.454545,0.6,0.35,1.8,3.809091,804.881389,8.949554,89.935363,348.727328,348.727328,523.090992,2.2,3.809091,893.007088,4682.564624,9.055938,8.346488,10.32061,78
94,95,elite,精英,71.634,0.05,2.2,0.454545,0.6,0.35,1.8,3.809774,820.06044,8.951532,91.611183,355.142323,355.142323,532.713485,2.2,3.809774,909.848079,4760.861102,9.055588,8.346167,10.320208,79
95,96,elite,精英,72.936,0.05,2.2,0.454545,0.6,0.35,1.8,3.810448,835.38028,8.953433,93.302795,361.61714,361.61714,542.42571,2.2,3.810448,926.845274,4839.742191,9.055247,8.345854,10.319817,80
96,97,elite,精英,74.25,0.05,2.2,0.454545,0.6,0.35,1.8,3.811111,850.840872,8.955258,95.010197,368.151779,368.151779,552.227669,2.2,3.811111,943.998631,4919.20673,9.054915,8.345549,10.319436,80
97,98,elite,精英,75.576,0.05,2.2,0.454545,0.6,0.35,1.8,3.811765,866.44218,8.957013,96.733386,374.74624,374.74624,562.11936,2.2,3.811765,961.308112,4999.253574,9.054592,8.345253,10.319066,81
98,99,elite,精英,76.914,0.05,2.2,0.454545,0.6,0.35,1.8,3.812409,882.184173,8.958698,98.47236,381.400523,381.400523,572.100784,2.2,3.812409,978.773681,5079.881593,9.054277,8.344964,10.318705,82
99,100,elite,精英,78.264,0.05,2.2,0.454545,0.6,0.35,1.8,3.813043,898.06682,8.960318,100.227117,388.114627,388.114627,582.171941,2.2,3.813043,996.395303,5161.089677,9.053971,8.344683,10.318353,82
100,101,elite,精英,79.626,0.05,2.2,0.454545,0.6,0.35,1.8,3.813669,914.090092,8.961874,101.997653,394.888554,394.888554,592.332831,2.2,3.813669,1014.172948,5242.87673,9.053672,8.344409,10.318011,0
