初始等级,地图等级,升级经验,完整清图所得经验,清图后等级,升级次数,新增技能点,剩余经验
1,1,80,302,4,3,3,37
2,2,88,367,5,3,3,76
3,3,97,374,6,3,3,57
4,4,106,382,7,3,3,39
5,5,114,388,8,3,3,19
6,6,123,393,8,2,2,138
7,7,132,403,9,2,2,130
8,8,141,410,10,2,2,119
9,9,150,414,11,2,2,104
10,10,160,425,12,2,2,96
11,11,169,433,13,2,2,86
12,12,178,437,14,2,2,72
13,13,187,445,15,2,2,61
14,14,197,499,16,2,2,96
15,15,206,517,17,2,2,95
16,16,216,524,18,2,2,83
17,17,225,528,19,2,2,68
18,18,235,537,20,2,2,58
19,19,244,546,21,2,2,48
20,20,254,549,22,2,2,32
21,21,263,558,23,2,2,22
22,22,273,565,24,2,2,10
23,23,282,570,24,1,1,288
24,24,292,578,25,1,1,286
25,25,302,583,26,1,1,281
26,26,312,591,27,1,1,279
27,27,321,657,29,2,2,5
28,28,331,661,29,1,1,330
29,29,341,670,30,1,1,329
30,30,351,678,31,1,1,327
31,31,360,682,32,1,1,322
32,32,370,690,33,1,1,320
33,33,380,699,34,1,1,319
34,34,390,703,35,1,1,313
35,35,400,711,36,1,1,311
36,36,410,719,37,1,1,309
37,37,420,723,38,1,1,303
38,38,430,732,39,1,1,302
39,39,440,795,40,1,1,355
40,40,450,803,41,1,1,353
41,41,460,811,42,1,1,351
42,42,470,817,43,1,1,347
43,43,480,823,44,1,1,343
44,44,490,831,45,1,1,341
45,45,500,837,46,1,1,337
46,46,510,843,47,1,1,333
47,47,520,852,48,1,1,332
48,48,530,859,49,1,1,329
49,49,540,863,50,1,1,323
50,50,550,871,51,1,1,321
51,51,560,880,52,1,1,320
52,52,570,942,53,1,1,372
53,53,581,951,54,1,1,370
54,54,591,960,55,1,1,369
55,55,601,963,56,1,1,362
56,56,611,971,57,1,1,360
57,57,621,979,58,1,1,358
58,58,632,983,59,1,1,351
59,59,642,991,60,1,1,349
60,60,652,1002,61,1,1,350
61,61,662,1006,62,1,1,344
62,62,673,1014,63,1,1,341
63,63,683,1022,64,1,1,339
64,64,693,1082,65,1,1,389
65,65,703,1091,66,1,1,388
66,66,714,1095,67,1,1,381
67,67,724,1103,68,1,1,379
68,68,734,1114,69,1,1,380
69,69,745,1118,70,1,1,373
70,70,755,1126,71,1,1,371
71,71,765,1134,72,1,1,369
72,72,776,1138,73,1,1,362
73,73,786,1146,74,1,1,360
74,74,796,1154,75,1,1,358
75,75,807,1158,76,1,1,351
76,76,817,1166,77,1,1,349
77,77,828,1234,78,1,1,406
78,78,838,1238,79,1,1,400
79,79,848,1246,80,1,1,398
80,80,859,1253,81,1,1,394
81,81,869,1258,82,1,1,389
82,82,880,1266,83,1,1,386
83,83,890,1274,84,1,1,384
84,84,901,1278,85,1,1,377
85,85,911,1286,86,1,1,375
86,86,922,1294,87,1,1,372
87,87,932,1298,88,1,1,366
88,88,942,1306,89,1,1,364
89,89,953,1374,90,1,1,421
90,90,964,1378,91,1,1,414
91,91,974,1386,92,1,1,412
92,92,985,1394,93,1,1,409
93,93,995,1397,94,1,1,402
94,94,1006,1406,95,1,1,400
95,95,1016,1414,96,1,1,398
96,96,1027,1418,97,1,1,391
97,97,1037,1426,98,1,1,389
98,98,1048,1434,99,1,1,386
99,99,1058,1093,100,1,1,0
100,100,0,0,100,0,0,0
