等级,构筑,走位,阶段恢复,通关率,成功清图均时,平均击败,BOSS平均登场
1,低配,standard,True,0.0,,48.8125,168.480952
1,低配,skilled,True,0.5,272.612202,64.78125,169.715154
1,标准,standard,True,0.75,168.393452,65.65625,96.952827
1,高配,standard,True,0.71875,161.613561,65.6875,95.937202
1,标准,standard,False,0.25,167.924702,62.375,96.93836
5,低配,standard,True,0.59375,170.845497,65.46875,100.101374
5,低配,skilled,True,0.96875,171.0156,65.96875,100.101374
5,标准,standard,True,0.9375,112.276871,65.90625,61.96392
5,高配,standard,True,0.96875,68.981493,65.96875,32.590662
10,低配,standard,True,0.375,188.681689,64.9375,106.730993
10,低配,skilled,True,0.8125,188.69673,65.75,106.730993
10,标准,standard,True,0.96875,114.024864,65.96875,62.026676
10,高配,standard,True,1.0,64.439412,66,30.542352
20,低配,standard,True,0.0,,37.21875,
20,低配,skilled,True,0.125,278.913853,58.75,156.031328
20,标准,standard,True,0.90625,116.392848,65.84375,61.670779
20,高配,standard,True,1.0,56.326303,66,27.184281
30,低配,standard,True,0.0,,34.03125,
30,低配,skilled,True,0.03125,283.402809,59.75,148.669846
30,标准,standard,True,0.84375,125.205442,65.84375,67.253666
30,高配,standard,True,1.0,66.41799,66,31.274824
30,标准,standard,False,0.34375,124.859665,65.125,67.253666
50,低配,standard,True,0.0,,32.625,
50,低配,skilled,True,0.0,,53.1875,154.759116
50,标准,standard,True,0.875,129.334243,65.875,68.958295
50,高配,standard,True,1.0,70.256176,66,33.13164
70,低配,standard,True,0.0,,31.59375,
70,低配,skilled,True,0.0,,53.75,155.209
70,标准,standard,True,0.71875,133.197187,65.5625,71.475448
70,高配,standard,True,1.0,71.238017,66,33.126048
100,低配,standard,True,0.0,,30.3125,
100,低配,skilled,True,0.0,,52.15625,155.999233
100,标准,standard,True,0.71875,134.39752,65.59375,71.66884
100,高配,standard,True,1.0,72.623966,66,33.261217
100,标准,standard,False,0.40625,135.110393,65.0625,71.66884
