地图等级,总数,普通,精英,头目,BOSS,在场上限,每批数量,刷新间隔,普通周期倍率,BOSS周期倍率,普通移速倍率,BOSS移速倍率
1,132,121,8,2,1,24,4,3.0,1.0,1.0,1.0,1.0
2,133,122,8,2,1,26,4,2.978788,0.99798,0.995455,1.001515,1.003535
3,134,123,8,2,1,28,4,2.957576,0.99596,0.990909,1.00303,1.007071
4,137,126,8,2,1,31,5,2.936364,0.993939,0.986364,1.004545,1.010606
5,139,128,8,2,1,33,5,2.915152,0.991919,0.981818,1.006061,1.014141
6,143,131,9,2,1,35,5,2.893939,0.989899,0.977273,1.007576,1.017677
7,146,134,9,2,1,37,5,2.872727,0.987879,0.972727,1.009091,1.021212
8,151,139,9,2,1,39,5,2.851515,0.985859,0.968182,1.010606,1.024747
9,155,143,9,2,1,41,6,2.830303,0.983838,0.963636,1.012121,1.028283
10,160,147,10,2,1,44,6,2.809091,0.981818,0.959091,1.013636,1.031818
11,165,152,10,2,1,46,6,2.787879,0.979798,0.954545,1.015152,1.035354
12,171,158,10,2,1,48,6,2.766667,0.977778,0.95,1.016667,1.038889
13,177,163,11,2,1,50,6,2.745455,0.975758,0.945455,1.018182,1.042424
14,184,170,11,2,1,52,7,2.724242,0.973737,0.940909,1.019697,1.04596
15,190,176,11,2,1,55,7,2.70303,0.971717,0.936364,1.021212,1.049495
16,197,182,12,2,1,57,7,2.681818,0.969697,0.931818,1.022727,1.05303
17,205,190,12,2,1,59,7,2.660606,0.967677,0.927273,1.024242,1.056566
18,212,196,13,2,1,61,7,2.639394,0.965657,0.922727,1.025758,1.060101
19,220,204,13,2,1,63,8,2.618182,0.963636,0.918182,1.027273,1.063636
20,228,211,14,2,1,65,8,2.59697,0.961616,0.913636,1.028788,1.067172
21,237,220,14,2,1,68,8,2.575758,0.959596,0.909091,1.030303,1.070707
22,246,228,15,2,1,70,8,2.554545,0.957576,0.904545,1.031818,1.074242
23,255,236,15,3,1,72,8,2.533333,0.955556,0.9,1.033333,1.077778
24,264,244,16,3,1,74,9,2.512121,0.953535,0.895455,1.034848,1.081313
25,274,254,16,3,1,76,9,2.490909,0.951515,0.890909,1.036364,1.084848
26,284,263,17,3,1,79,9,2.469697,0.949495,0.886364,1.037879,1.088384
27,294,272,18,3,1,81,9,2.448485,0.947475,0.881818,1.039394,1.091919
28,304,282,18,3,1,83,9,2.427273,0.945455,0.877273,1.040909,1.095455
29,315,292,19,3,1,85,10,2.406061,0.943434,0.872727,1.042424,1.09899
30,326,302,20,3,1,87,10,2.384848,0.941414,0.868182,1.043939,1.102525
31,337,313,20,3,1,89,10,2.363636,0.939394,0.863636,1.045455,1.106061
32,348,323,21,3,1,92,10,2.342424,0.937374,0.859091,1.04697,1.109596
33,360,334,22,3,1,94,10,2.321212,0.935354,0.854545,1.048485,1.113131
34,372,346,22,3,1,96,11,2.3,0.933333,0.85,1.05,1.116667
35,384,357,23,3,1,98,11,2.278788,0.931313,0.845455,1.051515,1.120202
36,396,368,24,3,1,100,11,2.257576,0.929293,0.840909,1.05303,1.123737
37,409,380,25,3,1,103,11,2.236364,0.927273,0.836364,1.054545,1.127273
38,421,392,25,3,1,105,11,2.215152,0.925253,0.831818,1.056061,1.130808
39,434,404,26,3,1,107,12,2.193939,0.923232,0.827273,1.057576,1.134343
40,448,417,27,3,1,109,12,2.172727,0.921212,0.822727,1.059091,1.137879
41,461,429,28,3,1,111,12,2.151515,0.919192,0.818182,1.060606,1.141414
42,475,442,29,3,1,113,12,2.130303,0.917172,0.813636,1.062121,1.144949
43,489,456,29,3,1,116,12,2.109091,0.915152,0.809091,1.063636,1.148485
44,503,468,30,4,1,118,13,2.087879,0.913131,0.804545,1.065152,1.15202
45,517,481,31,4,1,120,13,2.066667,0.911111,0.8,1.066667,1.155556
46,532,495,32,4,1,122,13,2.045455,0.909091,0.795455,1.068182,1.159091
47,546,508,33,4,1,124,13,2.024242,0.907071,0.790909,1.069697,1.162626
48,561,522,34,4,1,127,13,2.00303,0.905051,0.786364,1.071212,1.166162
49,577,537,35,4,1,129,14,1.981818,0.90303,0.781818,1.072727,1.169697
50,592,551,36,4,1,131,14,1.960606,0.90101,0.777273,1.074242,1.173232
51,608,566,37,4,1,133,14,1.939394,0.89899,0.772727,1.075758,1.176768
52,623,581,37,4,1,135,14,1.918182,0.89697,0.768182,1.077273,1.180303
53,639,596,38,4,1,137,15,1.89697,0.894949,0.763636,1.078788,1.183838
54,656,612,39,4,1,140,15,1.875758,0.892929,0.759091,1.080303,1.187374
55,672,627,40,4,1,142,15,1.854545,0.890909,0.754545,1.081818,1.190909
56,689,643,41,4,1,144,15,1.833333,0.888889,0.75,1.083333,1.194444
57,705,658,42,4,1,146,15,1.812121,0.886869,0.745455,1.084848,1.19798
58,722,674,43,4,1,148,16,1.790909,0.884848,0.740909,1.086364,1.201515
59,740,691,44,4,1,151,16,1.769697,0.882828,0.736364,1.087879,1.205051
60,757,706,45,5,1,153,16,1.748485,0.880808,0.731818,1.089394,1.208586
61,775,722,47,5,1,155,16,1.727273,0.878788,0.727273,1.090909,1.212121
62,792,738,48,5,1,157,16,1.706061,0.876768,0.722727,1.092424,1.215657
63,810,755,49,5,1,159,17,1.684848,0.874747,0.718182,1.093939,1.219192
64,828,772,50,5,1,161,17,1.663636,0.872727,0.713636,1.095455,1.222727
65,847,790,51,5,1,164,17,1.642424,0.870707,0.709091,1.09697,1.226263
66,865,807,52,5,1,166,17,1.621212,0.868687,0.704545,1.098485,1.229798
67,884,825,53,5,1,168,17,1.6,0.866667,0.7,1.1,1.233333
68,903,843,54,5,1,170,18,1.578788,0.864646,0.695455,1.101515,1.236869
69,922,861,55,5,1,172,18,1.557576,0.862626,0.690909,1.10303,1.240404
70,941,878,57,5,1,175,18,1.536364,0.860606,0.686364,1.104545,1.243939
71,961,897,58,5,1,177,18,1.515152,0.858586,0.681818,1.106061,1.247475
72,980,915,59,5,1,179,18,1.493939,0.856566,0.677273,1.107576,1.25101
73,1000,933,60,6,1,181,19,1.472727,0.854545,0.672727,1.109091,1.254545
74,1020,952,61,6,1,183,19,1.451515,0.852525,0.668182,1.110606,1.258081
75,1040,971,62,6,1,185,19,1.430303,0.850505,0.663636,1.112121,1.261616
76,1060,989,64,6,1,188,19,1.409091,0.848485,0.659091,1.113636,1.265152
77,1081,1009,65,6,1,190,19,1.387879,0.846465,0.654545,1.115152,1.268687
78,1102,1029,66,6,1,192,20,1.366667,0.844444,0.65,1.116667,1.272222
79,1123,1049,67,6,1,194,20,1.345455,0.842424,0.645455,1.118182,1.275758
80,1144,1068,69,6,1,196,20,1.324242,0.840404,0.640909,1.119697,1.279293
81,1165,1088,70,6,1,199,20,1.30303,0.838384,0.636364,1.121212,1.282828
82,1186,1108,71,6,1,201,20,1.281818,0.836364,0.631818,1.122727,1.286364
83,1208,1129,72,6,1,203,21,1.260606,0.834343,0.627273,1.124242,1.289899
84,1230,1149,74,6,1,205,21,1.239394,0.832323,0.622727,1.125758,1.293434
85,1251,1168,75,7,1,207,21,1.218182,0.830303,0.618182,1.127273,1.29697
86,1273,1189,76,7,1,209,21,1.19697,0.828283,0.613636,1.128788,1.300505
87,1296,1210,78,7,1,212,21,1.175758,0.826263,0.609091,1.130303,1.30404
88,1318,1231,79,7,1,214,22,1.154545,0.824242,0.604545,1.131818,1.307576
89,1341,1253,80,7,1,216,22,1.133333,0.822222,0.6,1.133333,1.311111
90,1363,1273,82,7,1,218,22,1.112121,0.820202,0.595455,1.134848,1.314646
91,1386,1295,83,7,1,220,22,1.090909,0.818182,0.590909,1.136364,1.318182
92,1409,1316,85,7,1,223,22,1.069697,0.816162,0.586364,1.137879,1.321717
93,1433,1339,86,7,1,225,23,1.048485,0.814141,0.581818,1.139394,1.325253
94,1456,1361,87,7,1,227,23,1.027273,0.812121,0.577273,1.140909,1.328788
95,1480,1382,89,8,1,229,23,1.006061,0.810101,0.572727,1.142424,1.332323
96,1503,1404,90,8,1,231,23,0.984848,0.808081,0.568182,1.143939,1.335859
97,1527,1426,92,8,1,233,23,0.963636,0.806061,0.563636,1.145455,1.339394
98,1551,1449,93,8,1,236,24,0.942424,0.80404,0.559091,1.14697,1.342929
99,1576,1472,95,8,1,238,24,0.921212,0.80202,0.554545,1.148485,1.346465
100,1600,1495,96,8,1,240,24,0.9,0.8,0.55,1.15,1.35
